species	stop_set	ambiguous	D_TAA_TGA	D_TAG_TGA	D_TGA_TAATAG
Acetabularia acetabulum	TGA	no	0.2706	0.149	0.9677
Blepharisma stoltei	TAA,TAG	no	0.2238	0.2538	0.5034
Drosophila melanogaster	TAA,TAG,TGA	no	0.401	0.1188	0.6276
Eremoplastron rostratum	TAA,TAG,TGA	no	0.1801	0.3392	0.2868
Blepharisma stoltei	TAA,TAG	no	0.2265	0.2454	0.4785
Euplotes focardii	TAA,TAG	no	0.3517	0.3978	0.7035
Oxytricha trifallax	TGA	no	1.0368	0.975	1.2706
Micromonas commoda RCC299	TAA,TAG,TGA	no	0.4489	0.1489	0.9729
Emiliania huxleyi	TAA,TAG,TGA	no	0.4765	0.3841	1.074
Amoeboaphelidium protococcarum X5	TGA	no	0.8882	0.9732	1.1437
Amoeboaphelidium occidentale	TAA,TAG,TGA	no	0.0957	0.0803	0.2514
Amoeboaphelidium protococcarum FD95	TGA	no	0.9212	0.9922	1.2827
Blepharisma stoltei	TAA,TAG	no	0.2096	0.2391	0.5003
Stylonychia lemnae	TGA	no	0.9542	1.1055	1.4426
Perkinsus marinus	TAA,TAG,TGA	no	0.1499	0.2038	0.4131
Amoeboaphelidium protococcarum FD95	TGA	no	0.9085	0.9751	1.0872
Spironucleus salmonicida	TGA	no	1.0238	1.096	1.0757
Epidinium cattanei	TAA,TAG,TGA	no	0.1724	0.2622	0.3204
Polyplastron multivesiculatum	TAA,TAG,TGA	no	0.2219	0.4255	0.3128
Entamoeba histolytica	TAA,TAG,TGA	no	0.3931	0.4965	0.3917
Encephalitozoon cuniculi	TAA,TAG,TGA	no	0.1826	0.2412	0.2577
Polyplastron multivesiculatum	TAA,TAG,TGA	no	0.2074	0.422	0.2815
Tetrahymena thermophila	TGA	no	1.1636	1.2081	1.2854
Acetabularia acetabulum	TGA	no	0.2315	0.139	0.9177
Perkinsus marinus	TAA,TAG,TGA	no	0.1358	0.207	0.4056
Tetrahymena thermophila	TGA	no	1.1457	1.0452	0.9419
Polyplastron multivesiculatum	TAA,TAG,TGA	no	0.2081	0.4131	0.3028
Euplotes focardii	TAA,TAG	no	0.4295	0.5619	0.7016
Arabidopsis thaliana	TAA,TAG,TGA	no	0.3638	0.2256	0.5406
Oxytricha trifallax	TGA	no	1.0455	0.999	1.463
Obscuromonas oborniki	TAA,TAG,TGA	no	0.1665	0.1133	0.6705
Polyplastron multivesiculatum	TAA,TAG,TGA	no	0.2264	0.4296	0.2837
Blepharisma stoltei	TAA,TAG	no	0.3211	0.4811	0.5488
Polyplastron multivesiculatum	TAA,TAG,TGA	no	0.202	0.3993	0.3522
Paramecium tetraurelia	TGA	no	0.9965	0.8264	1.3807
Amoeboaphelidium protococcarum FD95	TGA	no	0.9201	0.98	1.3636
Euplotes focardii	TAA,TAG	no	0.1646	0.2864	0.7
Dasytricha ruminantium	TAA,TAG,TGA	no	0.3958	0.484	0.4784
Metadinium minorum	TAA,TAG,TGA	no	0.2338	0.4027	0.2483
Trypanosoma brucei TREU927	TAA,TAG,TGA	no	0.3463	0.1879	0.5574
Acetabularia acetabulum	TGA	no	0.2182	0.1295	0.939
Aspergillus nidulans FGSC A4	TAA,TAG,TGA	no	0.3719	0.2787	0.4868
Dasytricha ruminantium	TAA,TAG,TGA	no	0.3846	0.4073	0.3893
Fabrea salina	TAA,TAG,TGA	no	0.1396	0.1424	0.1234
Perkinsus marinus	TAA,TAG,TGA	no	0.1384	0.1896	0.4007
Ostreococcus tauri	TAA,TAG,TGA	no	0.2179	0.0625	0.6162
Metadinium minorum	TAA,TAG,TGA	no	0.1872	0.3792	0.2552
Aspergillus nidulans FGSC A4	TAA,TAG,TGA	no	0.2803	0.2637	0.4547
Phaeodactylum tricornutum	TAA,TAG,TGA	no	0.1076	0.1136	0.2523
Paramecium tetraurelia	TGA	no	1.0072	0.8566	1.2303
Epidinium cattanei	TAA,TAG,TGA	no	0.1794	0.2798	0.3204
Spironucleus salmonicida	TGA	no	0.9776	1.006	0.9773
Diplodinium dentatum	TAA,TAG,TGA	no	0.3222	0.51	0.3706
Emiliania huxleyi	TAA,TAG,TGA	no	0.4399	0.4442	1.1119
Tetrahymena thermophila	TGA	no	1.1416	1.1732	0.8641
Obscuromonas oborniki	TAA,TAG,TGA	no	0.1418	0.1232	0.6205
Cryptosporidium parvum	TAA,TAG,TGA	no	0.1835	0.2142	0.2676
Tetrahymena thermophila	TGA	no	1.153	1.1664	0.9958
Diplodinium dentatum	TAA,TAG,TGA	no	0.3186	0.541	0.3667
Epidinium cattanei	TAA,TAG,TGA	no	0.1801	0.2934	0.2571
Metadinium minorum	TAA,TAG,TGA	no	0.212	0.3932	0.2638
Trypanosoma brucei TREU927	TAA,TAG,TGA	no	0.3034	0.0812	0.2561
Arabidopsis thaliana	TAA,TAG,TGA	no	0.7049	0.5745	0.717
Paramecium tetraurelia	TGA	no	0.9918	0.8307	1.1719
Fabrea salina	TAA,TAG,TGA	no	0.1481	0.1458	0.1158
Chlamydomonas reinhardtii	TAA,TAG,TGA	no	0.6842	0.4696	1.0723
Encephalitozoon cuniculi	TAA,TAG,TGA	no	0.1769	0.2373	0.3011
Trypanosoma brucei TREU927	TAA,TAG,TGA	no	0.57	0.2965	0.4663
Euplotes focardii	TAA,TAG	no	0.1528	0.236	0.6515
Trypanosoma brucei TREU927	TAA,TAG,TGA	no	0.1586	0.1157	0.3681
Acetabularia acetabulum	TGA	no	0.2085	0.1323	0.9763
Epidinium cattanei	TAA,TAG,TGA	no	0.1949	0.3131	0.305
Chlamydomonas reinhardtii	TAA,TAG,TGA	no	0.3255	0.2877	0.9584
Obscuromonas volfi	TAA,TAG,TGA	no	0.0822	0.13	0.8209
Stylonychia lemnae	TGA	no	0.9538	1.1034	1.3909
Amoeboaphelidium protococcarum FD95	TGA	no	0.9159	0.9738	1.1636
Giardia duodenalis	TAA,TAG,TGA	no	0.0782	0.1015	0.3235
Paramecium tetraurelia	TGA	no	0.9393	0.8284	0.4864
Blepharisma stoltei	TAA,TAG	no	0.2723	0.317	0.4918
Obscuromonas oborniki	TAA,TAG,TGA	no	0.1352	0.1212	0.5212
Acetabularia acetabulum	TGA	no	0.2132	0.1486	0.9701
Dictyostelium discoideum AX4	TAA,TAG,TGA	no	0.4333	0.4088	0.4535
Stylonychia lemnae	TGA	no	0.9604	1.117	0.9849
Paramecium tetraurelia	TGA	no	0.9865	0.8059	0.9407
Spironucleus salmonicida	TGA	no	1.0167	1.4191	1.0979
Acetabularia acetabulum	TGA	no	0.2194	0.1358	0.9006
Toxoplasma gondii ME49	TAA,TAG,TGA	no	0.3637	0.3364	0.6698
Bathycoccus prasinos	TAA,TAG,TGA	no	0.2607	0.0548	0.2375
Amoeboaphelidium protococcarum X5	TGA	no	0.8221	0.9589	1.0414
Amoeboaphelidium protococcarum X5	TGA	no	0.8736	0.9704	1.0737
Perkinsus marinus	TAA,TAG,TGA	no	0.1402	0.1911	0.4005
Saccharomyces cerevisiae S288C	TAA,TAG,TGA	no	0.1436	0.0955	0.2408
Blepharisma stoltei	TAA,TAG	no	0.1925	0.2374	0.4905
Oxytricha trifallax	TGA	no	1.04	1.0086	1.2815
Amoeboaphelidium occidentale	TAA,TAG,TGA	no	0.0984	0.091	0.2259
Eremoplastron rostratum	TAA,TAG,TGA	no	0.2298	0.4244	0.2786
Emiliania huxleyi	TAA,TAG,TGA	no	0.8736	0.5687	1.081
Amoeboaphelidium protococcarum FD95	TGA	no	0.9188	0.9751	1.3605
Thalassiosira pseudonana	TAA,TAG,TGA	no	0.0731	0.0655	0.2615
Stylonychia lemnae	TGA	no	0.9731	1.1086	1.4769
Chlamydomonas reinhardtii	TAA,TAG,TGA	no	0.4287	0.3685	1.0059
Entamoeba histolytica	TAA,TAG,TGA	no	0.4179	0.6147	0.4258
Dictyostelium discoideum AX4	TAA,TAG,TGA	no	0.4775	0.4823	0.5086
Chlamydomonas reinhardtii	TAA,TAG,TGA	no	0.3408	0.2956	0.9129
Tetrahymena thermophila	TGA	no	1.1452	1.215	1.506
Acetabularia acetabulum	TGA	no	0.223	0.1352	0.9505
Acetabularia acetabulum	TGA	no	0.2019	0.1261	0.9621
Euplotes focardii	TAA,TAG	no	0.1634	0.2563	0.6968
Euplotes focardii	TAA,TAG	no	0.1795	0.3074	0.711
Amoeboaphelidium protococcarum FD95	TGA	no	0.9158	0.9707	1.2496
Blepharisma stoltei	TAA,TAG	no	0.2303	0.2823	0.4866
Saccharomyces cerevisiae S288C	TAA,TAG,TGA	no	0.1199	0.0951	0.2329
Amoeboaphelidium occidentale	TAA,TAG,TGA	no	0.1057	0.1008	0.2547
Spironucleus salmonicida	TGA	no	1.0816	1.0698	1.0914
Cryptosporidium parvum	TAA,TAG,TGA	no	0.2152	0.3028	0.298
Perkinsus marinus	TAA,TAG,TGA	no	0.1395	0.191	0.3988
Obscuromonas volfi	TAA,TAG,TGA	no	0.0704	0.1333	0.8337
Spironucleus salmonicida	TGA	no	1.0415	1.1796	1.0618
Acetabularia acetabulum	TGA	no	0.2145	0.1203	0.9459
Oxytricha trifallax	TGA	no	1.0213	0.9631	1.129
Tetrahymena thermophila	TGA	no	1.1461	1.2722	1.1628
Amoeboaphelidium protococcarum X5	TGA	no	0.9387	0.9941	1.325
Blepharisma stoltei	TAA,TAG	no	0.2112	0.2071	0.4738
Thalassiosira pseudonana	TAA,TAG,TGA	no	0.0739	0.0815	0.448
Blepharisma stoltei	TAA,TAG	no	0.236	0.269	0.5101
Drosophila melanogaster	TAA,TAG,TGA	no	0.3775	0.2479	0.6411
Caenorhabditis elegans	TAA,TAG,TGA	no	0.4767	0.7343	0.8391
Toxoplasma gondii ME49	TAA,TAG,TGA	no	0.0662	0.0819	0.5955
Spironucleus salmonicida	TGA	no	0.8915	1.0655	0.9659
Micromonas commoda RCC299	TAA,TAG,TGA	no	0.3903	0.096	1.0157
Fabrea salina	TAA,TAG,TGA	no	0.1507	0.1681	0.1314
Blepharisma stoltei	TAA,TAG	no	0.2409	0.2795	0.4837
Micromonas commoda RCC299	TAA,TAG,TGA	no	0.5399	0.106	0.9855
Toxoplasma gondii ME49	TAA,TAG,TGA	no	0.0837	0.0878	0.6184
Phaeodactylum tricornutum	TAA,TAG,TGA	no	0.1249	0.1315	0.3264
Stylonychia lemnae	TGA	no	0.9537	1.1147	1.358
Acetabularia acetabulum	TGA	no	0.2022	0.1249	0.9911
Diplodinium dentatum	TAA,TAG,TGA	no	0.3242	0.5464	0.3851
Dasytricha ruminantium	TAA,TAG,TGA	no	0.3834	0.4748	0.5058
Amoeboaphelidium protococcarum FD95	TGA	no	0.918	0.8548	1.1335
Caenorhabditis elegans	TAA,TAG,TGA	no	0.5739	0.8104	0.7654
Spironucleus salmonicida	TGA	no	1.0637	1.0933	1.0065
Cryptosporidium parvum	TAA,TAG,TGA	no	0.1733	0.22	0.2654
Saccharomyces cerevisiae S288C	TAA,TAG,TGA	no	0.1855	0.1951	0.2367
Amoeboaphelidium protococcarum FD95	TGA	no	0.9236	0.9871	1.3497
Spironucleus salmonicida	TGA	no	1.067	1.2361	1.047
Perkinsus marinus	TAA,TAG,TGA	no	0.1339	0.1975	0.3939
Toxoplasma gondii ME49	TAA,TAG,TGA	no	0.3206	0.1545	0.6757
Aspergillus nidulans FGSC A4	TAA,TAG,TGA	no	0.277	0.2424	0.4936
Paramecium tetraurelia	TGA	no	0.9126	0.6979	0.6117
Amoeboaphelidium protococcarum X5	TGA	no	0.9265	0.9905	1.344
Naegleria gruberi	TAA,TAG,TGA	no	0.1488	0.1452	0.3773
Paramecium tetraurelia	TGA	no	0.9867	0.8568	1.1268
Spironucleus salmonicida	TGA	no	1.036	1.2372	1.016
Amoeboaphelidium protococcarum X5	TGA	no	0.7625	0.9276	0.9496
Blepharisma stoltei	TAA,TAG	no	0.2279	0.2015	0.4741
Cryptosporidium parvum	TAA,TAG,TGA	no	0.2727	0.3382	0.2725
Amoeboaphelidium protococcarum X5	TGA	no	0.8845	0.9371	1.0428
Euplotes focardii	TAA,TAG	no	0.1514	0.2354	0.6856
Naegleria gruberi	TAA,TAG,TGA	no	0.1436	0.1216	0.3673
Diplodinium dentatum	TAA,TAG,TGA	no	0.3134	0.5269	0.3765
Amoeboaphelidium protococcarum FD95	TGA	no	0.8785	0.9677	1.0188
Acetabularia acetabulum	TGA	no	0.208	0.1247	0.9922
Euplotes focardii	TAA,TAG	no	0.1864	0.3098	0.6252
Spironucleus salmonicida	TGA	no	1.0243	1.0451	1.0117
Entamoeba histolytica	TAA,TAG,TGA	no	0.3897	0.4976	0.4498
Trypanosoma brucei TREU927	TAA,TAG,TGA	no	0.2349	0.0897	0.2937
Euplotes focardii	TAA,TAG	no	0.1823	0.2026	0.764
Micromonas commoda RCC299	TAA,TAG,TGA	no	0.3765	0.0931	1.0027
Caenorhabditis elegans	TAA,TAG,TGA	no	0.6044	1.022	0.8641
Candida albicans SC5314	TAA,TAG,TGA	no	0.1639	0.1891	0.3013
Tetrahymena thermophila	TGA	no	1.1593	1.2094	1.3457
Metadinium minorum	TAA,TAG,TGA	no	0.202	0.3805	0.2556
Spironucleus salmonicida	TGA	no	1.034	1.2181	1.0842
Polyplastron multivesiculatum	TAA,TAG,TGA	no	0.2079	0.4118	0.2695
Trypanosoma brucei TREU927	TAA,TAG,TGA	no	0.2705	0.109	0.4209
Amoeboaphelidium protococcarum X5	TGA	no	0.9111	0.9261	1.2079
Saccharomyces cerevisiae S288C	TAA,TAG,TGA	no	0.1659	0.1145	0.2838
Tetrahymena thermophila	TGA	no	1.1474	1.1112	1.1346
Naegleria gruberi	TAA,TAG,TGA	no	0.151	0.1295	0.3643
Tetrahymena thermophila	TGA	no	1.0433	1.1268	0.4077
Spironucleus salmonicida	TGA	no	1.0478	0.9452	1.242
Aspergillus nidulans FGSC A4	TAA,TAG,TGA	no	0.2999	0.2879	0.4912
Stylonychia lemnae	TGA	no	0.963	1.1111	1.368
Stylonychia lemnae	TGA	no	0.9613	1.1145	1.4216
Metadinium minorum	TAA,TAG,TGA	no	0.1881	0.3678	0.262
Acetabularia acetabulum	TGA	no	0.1937	0.1282	0.8478
Ostreococcus tauri	TAA,TAG,TGA	no	0.2124	0.0586	0.5626
Spironucleus salmonicida	TGA	no	1.0514	1.076	0.985
Spironucleus salmonicida	TGA	no	1.1055	0.9919	1.0933
Emiliania huxleyi	TAA,TAG,TGA	no	0.3602	0.4041	1.0644
Blepharisma stoltei	TAA,TAG	no	0.3945	0.4788	0.4697
Stylonychia lemnae	TGA	no	0.9538	1.113	1.3196
Stylonychia lemnae	TGA	no	0.9626	1.1319	1.4647
Amoeboaphelidium protococcarum X5	TGA	no	0.9053	0.9991	1.3607
Spironucleus salmonicida	TGA	no	1.0444	1.1568	1.2547
Paramecium tetraurelia	TGA	no	0.9773	0.8097	0.957
Polyplastron multivesiculatum	TAA,TAG,TGA	no	0.2113	0.4054	0.2888
Drosophila melanogaster	TAA,TAG,TGA	no	0.3847	0.2592	0.5907
Arabidopsis thaliana	TAA,TAG,TGA	no	0.5672	0.3418	0.5713
Thalassiosira pseudonana	TAA,TAG,TGA	no	0.1019	0.0917	0.3908
Paramecium tetraurelia	TGA	no	1.0113	0.8505	1.1497
Encephalitozoon cuniculi	TAA,TAG,TGA	no	0.1845	0.2435	0.2852
Amoeboaphelidium protococcarum FD95	TGA	no	0.9328	0.998	1.3599
Oxytricha trifallax	TGA	no	1.0472	1.0038	1.3213
Trypanosoma brucei TREU927	TAA,TAG,TGA	no	0.1932	0.0946	0.4034
Stylonychia lemnae	TGA	no	0.8982	1.0209	0.5448
Paramecium tetraurelia	TGA	no	0.9883	0.7994	1.1248
Bathycoccus prasinos	TAA,TAG,TGA	no	0.2886	0.0688	0.3459
Euplotes focardii	TAA,TAG	no	0.194	0.3341	0.7103
Blepharisma stoltei	TAA,TAG	no	0.218	0.2252	0.4423
Cryptosporidium parvum	TAA,TAG,TGA	no	0.1959	0.2397	0.2771
Diplodinium dentatum	TAA,TAG,TGA	no	0.3165	0.5111	0.414
Dictyostelium discoideum AX4	TAA,TAG,TGA	no	0.4414	0.4075	0.4101
Trypanosoma brucei TREU927	TAA,TAG,TGA	no	0.1742	0.0958	0.4046
Spironucleus salmonicida	TGA	no	1.0204	1.1399	1.0301
Paramecium tetraurelia	TGA	no	0.9431	0.7526	0.7634
Acetabularia acetabulum	TGA	no	0.2027	0.1433	0.9653
Caenorhabditis elegans	TAA,TAG,TGA	no	0.5884	0.7958	0.8587
Blepharisma stoltei	TAA,TAG	no	0.1987	0.2462	0.4922
Amoeboaphelidium protococcarum X5	TGA	no	0.901	0.9619	1.2473
Oxytricha trifallax	TGA	no	1.0365	0.9958	1.0945
Acetabularia acetabulum	TGA	no	0.1893	0.1205	0.9682
Toxoplasma gondii ME49	TAA,TAG,TGA	no	0.0802	0.0568	0.6021
Caenorhabditis elegans	TAA,TAG,TGA	no	0.3718	0.3891	0.8212
Euplotes focardii	TAA,TAG	no	0.3249	0.4642	0.7
Chlamydomonas reinhardtii	TAA,TAG,TGA	no	0.8496	0.5194	0.8824
Thalassiosira pseudonana	TAA,TAG,TGA	no	0.1699	0.1877	0.3717
Amoeboaphelidium protococcarum FD95	TGA	no	0.9171	1.0192	1.4396
Naegleria gruberi	TAA,TAG,TGA	no	0.145	0.1247	0.3627
Amoeboaphelidium protococcarum FD95	TGA	no	0.9075	0.983	1.2032
Arabidopsis thaliana	TAA,TAG,TGA	no	0.3273	0.212	0.5588
Arabidopsis thaliana	TAA,TAG,TGA	no	0.4257	0.3947	0.5246
Obscuromonas oborniki	TAA,TAG,TGA	no	0.1766	0.1217	0.5782
Ostreococcus tauri	TAA,TAG,TGA	no	0.257	0.0771	0.6992
Spironucleus salmonicida	TGA	no	1.0584	1.0515	1.0423
Toxoplasma gondii ME49	TAA,TAG,TGA	no	0.0886	0.0678	0.5284
Oxytricha trifallax	TGA	no	1.0423	0.998	1.4144
Amoeboaphelidium protococcarum FD95	TGA	no	0.9345	0.9937	1.3784
Caenorhabditis elegans	TAA,TAG,TGA	no	0.2435	0.3321	0.9659
Caenorhabditis elegans	TAA,TAG,TGA	no	0.5782	0.6439	0.9735
Caenorhabditis elegans	TAA,TAG,TGA	no	0.3988	1.1094	0.8597
Candida albicans SC5314	TAA,TAG,TGA	no	0.1241	0.1605	0.2727
Tetrahymena thermophila	TGA	no	1.1622	1.1833	1.3516
Amoeboaphelidium occidentale	TAA,TAG,TGA	no	0.0999	0.0992	0.239
Perkinsus marinus	TAA,TAG,TGA	no	0.1405	0.1973	0.4108
Bathycoccus prasinos	TAA,TAG,TGA	no	0.2569	0.0545	0.2532
Euplotes focardii	TAA,TAG	no	0.1668	0.2382	0.733
Trypanosoma brucei TREU927	TAA,TAG,TGA	no	0.1959	0.1331	0.413
Euplotes focardii	TAA,TAG	no	0.1224	0.2058	0.7157
Cryptosporidium parvum	TAA,TAG,TGA	no	0.1562	0.1871	0.2678
Amoeboaphelidium protococcarum X5	TGA	no	0.9224	1.0101	1.4016
Enoploplastron triloricatum	TAA,TAG,TGA	no	0.271	0.5792	0.3381
Caenorhabditis elegans	TAA,TAG,TGA	no	0.4281	0.321	0.8487
Amoeboaphelidium protococcarum X5	TGA	no	0.9036	0.9398	1.1733
Aspergillus nidulans FGSC A4	TAA,TAG,TGA	no	0.2577	0.2704	0.4202
Phaeodactylum tricornutum	TAA,TAG,TGA	no	0.126	0.1196	0.4736
Drosophila melanogaster	TAA,TAG,TGA	no	0.5462	0.32	0.7658
Amoeboaphelidium protococcarum FD95	TGA	no	0.9229	0.9822	1.3427
Tetrahymena thermophila	TGA	no	1.1567	1.0581	1.0189
Blepharisma stoltei	TAA,TAG	no	0.2507	0.2666	0.4722
Paramecium tetraurelia	TGA	no	0.9984	0.8463	0.9864
Paramecium tetraurelia	TGA	no	0.954	0.7934	1.1879
Aspergillus nidulans FGSC A4	TAA,TAG,TGA	no	0.3689	0.3355	0.464
Euplotes focardii	TAA,TAG	no	0.1545	0.2595	0.6828
Epidinium cattanei	TAA,TAG,TGA	no	0.2464	0.3373	0.2451
Tetrahymena thermophila	TGA	no	1.1465	1.1672	0.9624
Entamoeba histolytica	TAA,TAG,TGA	no	0.38	0.4982	0.3875
Euplotes focardii	TAA,TAG	no	0.1595	0.2215	0.7272
Euplotes focardii	TAA,TAG	no	0.1591	0.2752	0.7084
Amoeboaphelidium occidentale	TAA,TAG,TGA	no	0.0959	0.0893	0.2306
Paramecium tetraurelia	TGA	no	1.0009	0.8366	2.0234
Dasytricha ruminantium	TAA,TAG,TGA	no	0.3949	0.4762	0.5064
Emiliania huxleyi	TAA,TAG,TGA	no	0.6114	0.4948	1.0739
Amoeboaphelidium protococcarum X5	TGA	no	0.8636	0.926	0.8515
Acetabularia acetabulum	TGA	no	0.2044	0.1211	1.0187
Obscuromonas volfi	TAA,TAG,TGA	no	0.0682	0.1372	0.8334
Bathycoccus prasinos	TAA,TAG,TGA	no	0.3067	0.0688	0.2996
Blepharisma stoltei	TAA,TAG	no	0.2252	0.2877	0.4739
Amoeboaphelidium protococcarum X5	TGA	no	0.7266	0.9121	0.742
Stylonychia lemnae	TGA	no	0.9447	1.0872	0.9505
Paramecium tetraurelia	TGA	no	1.0056	0.8382	1.1403
Oxytricha trifallax	TGA	no	1.0486	1.0084	1.2778
Encephalitozoon cuniculi	TAA,TAG,TGA	no	0.1733	0.2381	0.246
Euplotes focardii	TAA,TAG	no	0.1004	0.1637	0.6692
Emiliania huxleyi	TAA,TAG,TGA	no	0.3805	0.333	1.0632
Acetabularia acetabulum	TGA	no	0.199	0.1441	0.9669
Euplotes focardii	TAA,TAG	no	0.1579	0.262	0.6957
Amoeboaphelidium protococcarum X5	TGA	no	0.8863	0.9404	0.9997
Dictyostelium discoideum AX4	TAA,TAG,TGA	no	0.4756	0.4506	0.4619
Polyplastron multivesiculatum	TAA,TAG,TGA	no	0.2103	0.4211	0.2879
Acetabularia acetabulum	TGA	no	0.1915	0.1192	0.9551
Tetrahymena thermophila	TGA	no	1.1047	1.1411	0.6894
Oxytricha trifallax	TGA	no	1.0373	0.9923	1.3229
Blepharisma stoltei	TAA,TAG	no	0.24	0.2599	0.4882
Stylonychia lemnae	TGA	no	0.9665	1.1117	1.4248
Oxytricha trifallax	TGA	no	1.0378	0.9974	1.4011
Metadinium minorum	TAA,TAG,TGA	no	0.1893	0.3593	0.2514
Polyplastron multivesiculatum	TAA,TAG,TGA	no	0.2044	0.3973	0.2953
Obscuromonas volfi	TAA,TAG,TGA	no	0.1168	0.1449	0.8185
Amoeboaphelidium occidentale	TAA,TAG,TGA	no	0.1019	0.0856	0.2204
Stylonychia lemnae	TGA	no	0.9634	1.1222	1.3441
Dasytricha ruminantium	TAA,TAG,TGA	no	0.3603	0.4447	0.4738
Euplotes focardii	TAA,TAG	no	0.1735	0.2526	0.7131
Stylonychia lemnae	TGA	no	0.9602	1.1184	1.4156
Stylonychia lemnae	TGA	no	0.9611	1.122	1.3328
Giardia duodenalis	TAA,TAG,TGA	no	0.0828	0.0943	0.357
Amoeboaphelidium occidentale	TAA,TAG,TGA	no	0.0995	0.0843	0.2505
Paramecium tetraurelia	TGA	no	1.0138	0.8494	1.4508
Arabidopsis thaliana	TAA,TAG,TGA	no	0.3502	0.2103	0.5183
Paramecium tetraurelia	TGA	no	1.0044	0.8663	1.3184
Euplotes focardii	TAA,TAG	no	0.1527	0.2696	0.6837
Ostreococcus tauri	TAA,TAG,TGA	no	0.2393	0.0697	0.8144
Euplotes focardii	TAA,TAG	no	0.1203	0.1755	0.712
Fabrea salina	TAA,TAG,TGA	no	0.1395	0.1456	0.1215
Amoeboaphelidium protococcarum FD95	TGA	no	0.9437	0.9988	1.4481
Oxytricha trifallax	TGA	no	1.0612	1.0215	1.3817
Stylonychia lemnae	TGA	no	0.9681	0.9864	1.0907
Amoeboaphelidium protococcarum X5	TGA	no	0.9237	0.9789	1.3274
Ostreococcus tauri	TAA,TAG,TGA	no	0.355	0.0926	0.8375
Euplotes focardii	TAA,TAG	no	0.1784	0.2667	0.6855
Oxytricha trifallax	TGA	no	1.0095	0.9802	0.7346
Aspergillus nidulans FGSC A4	TAA,TAG,TGA	no	0.3915	0.2804	0.4932
Naegleria gruberi	TAA,TAG,TGA	no	0.1352	0.1087	0.3799
Drosophila melanogaster	TAA,TAG,TGA	no	0.5548	0.5112	0.6567
Amoeboaphelidium protococcarum FD95	TGA	no	0.8943	0.9389	1.0592
Amoeboaphelidium protococcarum X5	TGA	no	0.9074	0.9491	1.1431
Enoploplastron triloricatum	TAA,TAG,TGA	no	0.2136	0.3891	0.2559
Blepharisma stoltei	TAA,TAG	no	0.2138	0.2393	0.4812
Arabidopsis thaliana	TAA,TAG,TGA	no	0.2204	0.1464	0.4663
Giardia duodenalis	TAA,TAG,TGA	no	0.0783	0.0922	0.312
Cryptosporidium parvum	TAA,TAG,TGA	no	0.2116	0.2167	0.2864
Caenorhabditis elegans	TAA,TAG,TGA	no	0.3343	0.3909	0.6717
Naegleria gruberi	TAA,TAG,TGA	no	0.2098	0.2127	0.3771
Oxytricha trifallax	TGA	no	1.035	1.0207	1.3277
Blepharisma stoltei	TAA,TAG	no	0.2281	0.2106	0.4568
Paramecium tetraurelia	TGA	no	1.0009	0.8427	1.2558
Spironucleus salmonicida	TGA	no	1.0005	1.3803	1.0668
Paramecium tetraurelia	TGA	no	0.985	0.8472	1.1766
Perkinsus marinus	TAA,TAG,TGA	no	0.1366	0.1836	0.39
Spironucleus salmonicida	TGA	no	1.0504	1.1113	1.0804
Amoeboaphelidium protococcarum X5	TGA	no	0.9174	0.9803	1.1931
Fabrea salina	TAA,TAG,TGA	no	0.204	0.2107	0.1491
Naegleria gruberi	TAA,TAG,TGA	no	0.1447	0.1199	0.3755
Arabidopsis thaliana	TAA,TAG,TGA	no	0.3382	0.2256	0.4551
Chlamydomonas reinhardtii	TAA,TAG,TGA	no	0.4602	0.3664	0.9847
Drosophila melanogaster	TAA,TAG,TGA	no	0.3666	0.3286	0.6178
Perkinsus marinus	TAA,TAG,TGA	no	0.1292	0.2198	0.4461
Obscuromonas volfi	TAA,TAG,TGA	no	0.0885	0.1359	0.8465
Oxytricha trifallax	TGA	no	1.0537	1.0129	1.3711
Enoploplastron triloricatum	TAA,TAG,TGA	no	0.2372	0.4616	0.3468
Acetabularia acetabulum	TGA	no	0.2119	0.1086	1.0007
Spironucleus salmonicida	TGA	no	1.0451	1.1232	1.0594
Tetrahymena thermophila	TGA	no	1.1047	1.21	0.6567
Euplotes focardii	TAA,TAG	no	0.2341	0.2863	0.6649
Giardia duodenalis	TAA,TAG,TGA	no	0.0939	0.1172	0.3426
Thalassiosira pseudonana	TAA,TAG,TGA	no	0.0726	0.0748	0.3234
Acetabularia acetabulum	TGA	no	0.1969	0.1228	0.9657
Arabidopsis thaliana	TAA,TAG,TGA	no	0.3317	0.2224	0.4764
Spironucleus salmonicida	TGA	no	1.0316	1.2285	1.0272
Diplodinium dentatum	TAA,TAG,TGA	no	0.3145	0.5077	0.3916
Eremoplastron rostratum	TAA,TAG,TGA	no	0.1941	0.3546	0.3052
Diplodinium dentatum	TAA,TAG,TGA	no	0.313	0.5246	0.3646
Ostreococcus tauri	TAA,TAG,TGA	no	0.463	0.107	0.937
Stylonychia lemnae	TGA	no	0.9556	1.0997	1.2511
Tetrahymena thermophila	TGA	no	1.1626	1.1683	1.1089
Amoeboaphelidium protococcarum FD95	TGA	no	0.9264	0.9934	1.4179
Obscuromonas oborniki	TAA,TAG,TGA	no	0.1859	0.1156	0.5595
Micromonas commoda RCC299	TAA,TAG,TGA	no	0.3788	0.1145	1.079
Blepharisma stoltei	TAA,TAG	no	0.2197	0.2304	0.4642
Caenorhabditis elegans	TAA,TAG,TGA	no	0.4352	0.3274	0.9149
Paramecium tetraurelia	TGA	no	0.9593	0.6812	1.104
Euplotes focardii	TAA,TAG	no	0.1533	0.2568	0.6759
Acetabularia acetabulum	TGA	no	0.2118	0.1384	0.937
Fabrea salina	TAA,TAG,TGA	no	0.1507	0.1725	0.1258
Spironucleus salmonicida	TGA	no	1.0454	0.9862	1.1295
Oxytricha trifallax	TGA	no	1.0504	1.0004	1.4331
Cryptosporidium parvum	TAA,TAG,TGA	no	0.1952	0.2375	0.2413
Acetabularia acetabulum	TGA	no	0.2056	0.1274	0.967
Thalassiosira pseudonana	TAA,TAG,TGA	no	0.0711	0.0764	0.3176
Chlamydomonas reinhardtii	TAA,TAG,TGA	no	0.2535	0.4566	1.0163
Paramecium tetraurelia	TGA	no	0.8859	0.6343	0.702
Emiliania huxleyi	TAA,TAG,TGA	no	0.4229	0.449	1.0904
Amoeboaphelidium protococcarum X5	TGA	no	0.9408	0.99	1.3745
Arabidopsis thaliana	TAA,TAG,TGA	no	0.3324	0.1985	0.5256
Amoeboaphelidium protococcarum FD95	TGA	no	0.901	0.9691	1.3234
Paramecium tetraurelia	TGA	no	0.9491	0.6718	1.0085
Dictyostelium discoideum AX4	TAA,TAG,TGA	no	0.4207	0.3572	0.5219
Euplotes focardii	TAA,TAG	no	0.1523	0.2633	0.6813
Blepharisma stoltei	TAA,TAG	no	0.2154	0.2093	0.5002
Giardia duodenalis	TAA,TAG,TGA	no	0.2358	0.1606	0.3706
Oxytricha trifallax	TGA	no	1.0503	0.9911	1.2752
Bathycoccus prasinos	TAA,TAG,TGA	no	0.2971	0.0854	0.2758
Polyplastron multivesiculatum	TAA,TAG,TGA	no	0.2061	0.407	0.2769
Drosophila melanogaster	TAA,TAG,TGA	no	0.551	0.2977	0.6764
Euplotes focardii	TAA,TAG	no	0.1679	0.1944	0.8199
Euplotes focardii	TAA,TAG	no	0.1872	0.2972	0.6286
Acetabularia acetabulum	TGA	no	0.2051	0.1379	0.9179
Thalassiosira pseudonana	TAA,TAG,TGA	no	0.072	0.0845	0.308
Obscuromonas oborniki	TAA,TAG,TGA	no	0.1555	0.1088	0.5945
Oxytricha trifallax	TGA	no	0.9697	0.9695	0.6468
Ostreococcus tauri	TAA,TAG,TGA	no	0.2191	0.0647	0.5698
Giardia duodenalis	TAA,TAG,TGA	no	0.0703	0.1039	0.3323
Saccharomyces cerevisiae S288C	TAA,TAG,TGA	no	0.2051	0.1147	0.2325
Oxytricha trifallax	TGA	no	1.0373	0.9904	1.2824
Tetrahymena thermophila	TGA	no	1.1617	1.2234	1.3475
Amoeboaphelidium protococcarum X5	TGA	no	0.9175	0.9482	1.1992
Saccharomyces cerevisiae S288C	TAA,TAG,TGA	no	0.1669	0.1086	0.2364
Euplotes focardii	TAA,TAG	no	0.1582	0.2492	0.6936
Entamoeba histolytica	TAA,TAG,TGA	no	0.3714	0.4835	0.3865
Micromonas commoda RCC299	TAA,TAG,TGA	no	0.3525	0.1008	0.9242
Aspergillus nidulans FGSC A4	TAA,TAG,TGA	no	0.2565	0.2239	0.4757
Ostreococcus tauri	TAA,TAG,TGA	no	0.3586	0.091	0.7249
Encephalitozoon cuniculi	TAA,TAG,TGA	no	0.2265	0.2491	0.2829
Euplotes focardii	TAA,TAG	no	0.1673	0.247	0.6865
Blepharisma stoltei	TAA,TAG	no	0.2565	0.3307	0.4838
Spironucleus salmonicida	TGA	no	0.9695	1.1394	0.9999
Thalassiosira pseudonana	TAA,TAG,TGA	no	0.198	0.1155	0.4299
Diplodinium dentatum	TAA,TAG,TGA	no	0.3139	0.5169	0.3729
Entamoeba histolytica	TAA,TAG,TGA	no	0.361	0.4661	0.4041
Ostreococcus tauri	TAA,TAG,TGA	no	0.2385	0.0654	0.5718
Phaeodactylum tricornutum	TAA,TAG,TGA	no	0.4101	0.2356	0.4971
Amoeboaphelidium protococcarum X5	TGA	no	0.9591	1.0124	1.3836
Oxytricha trifallax	TGA	no	1.0492	0.9994	1.3335
Candida albicans SC5314	TAA,TAG,TGA	no	0.1215	0.157	0.2901
Chlamydomonas reinhardtii	TAA,TAG,TGA	no	0.8841	0.7603	1.1058
Tetrahymena thermophila	TGA	no	1.1565	1.2458	1.2527
Epidinium cattanei	TAA,TAG,TGA	no	0.1549	0.2484	0.2845
Epidinium cattanei	TAA,TAG,TGA	no	0.1605	0.2871	0.2929
Stylonychia lemnae	TGA	no	0.8557	1.033	0.6147
Encephalitozoon cuniculi	TAA,TAG,TGA	no	0.2251	0.2642	0.3063
Emiliania huxleyi	TAA,TAG,TGA	no	0.3313	0.4156	1.1748
Oxytricha trifallax	TGA	no	1.0396	0.9957	1.1793
Acetabularia acetabulum	TGA	no	0.2065	0.1281	0.9853
Paramecium tetraurelia	TGA	no	1.0106	0.8613	1.2763
Micromonas commoda RCC299	TAA,TAG,TGA	no	0.3301	0.1034	0.8872
Candida albicans SC5314	TAA,TAG,TGA	no	0.1173	0.176	0.2931
Amoeboaphelidium protococcarum X5	TGA	no	0.9492	1.0132	1.3017
Cryptosporidium parvum	TAA,TAG,TGA	no	0.1966	0.2352	0.3268
Obscuromonas volfi	TAA,TAG,TGA	no	0.0718	0.1168	0.8418
Blepharisma stoltei	TAA,TAG	no	0.1969	0.2298	0.4727
Oxytricha trifallax	TGA	no	1.0344	0.9892	1.2923
Blepharisma stoltei	TAA,TAG	no	0.2248	0.2532	0.4999
Euplotes focardii	TAA,TAG	no	0.1926	0.372	0.6695
Amoeboaphelidium protococcarum X5	TGA	no	0.9332	0.9929	1.4159
Micromonas commoda RCC299	TAA,TAG,TGA	no	0.3707	0.0916	0.9462
Ostreococcus tauri	TAA,TAG,TGA	no	0.2955	0.1117	0.7826
Naegleria gruberi	TAA,TAG,TGA	no	0.1544	0.1372	0.3961
Epidinium cattanei	TAA,TAG,TGA	no	0.17	0.2718	0.2956
Phaeodactylum tricornutum	TAA,TAG,TGA	no	0.104	0.1057	0.2632
Giardia duodenalis	TAA,TAG,TGA	no	0.0862	0.1024	0.3159
Amoeboaphelidium protococcarum X5	TGA	no	0.9351	0.9691	1.4144
Oxytricha trifallax	TGA	no	1.0365	0.9977	1.3359
Paramecium tetraurelia	TGA	no	1.0035	0.8393	0.8907
Euplotes focardii	TAA,TAG	no	0.1621	0.2209	0.7069
Spironucleus salmonicida	TGA	no	0.9452	1.6544	0.7959
Blepharisma stoltei	TAA,TAG	no	0.2296	0.2506	0.4964
Toxoplasma gondii ME49	TAA,TAG,TGA	no	0.0985	0.0466	0.5713
Blepharisma stoltei	TAA,TAG	no	0.2174	0.2762	0.5131
Toxoplasma gondii ME49	TAA,TAG,TGA	no	0.0504	0.0599	0.5781
Paramecium tetraurelia	TGA	no	1.0103	0.8528	1.3782
Stylonychia lemnae	TGA	no	0.967	1.1158	1.4125
Aspergillus nidulans FGSC A4	TAA,TAG,TGA	no	0.2868	0.2544	0.5155
Micromonas commoda RCC299	TAA,TAG,TGA	no	0.3945	0.0993	0.9505
Naegleria gruberi	TAA,TAG,TGA	no	0.1486	0.1277	0.4578
Tetrahymena thermophila	TGA	no	1.0992	1.0118	0.7858
Micromonas commoda RCC299	TAA,TAG,TGA	no	0.352	0.1001	0.964
Chlamydomonas reinhardtii	TAA,TAG,TGA	no	0.9443	0.6063	1.0642
Polyplastron multivesiculatum	TAA,TAG,TGA	no	0.2204	0.429	0.2812
Dictyostelium discoideum AX4	TAA,TAG,TGA	no	0.4274	0.3799	0.4777
Cryptosporidium parvum	TAA,TAG,TGA	no	0.1832	0.2358	0.2826
Trypanosoma brucei TREU927	TAA,TAG,TGA	no	0.2798	0.1833	0.3844
Stylonychia lemnae	TGA	no	0.9599	1.1229	1.3395
Drosophila melanogaster	TAA,TAG,TGA	no	0.189	0.142	0.6506
Tetrahymena thermophila	TGA	no	1.0966	0.9863	1.1141
Oxytricha trifallax	TGA	no	1.0092	0.9638	0.8431
Bathycoccus prasinos	TAA,TAG,TGA	no	0.3023	0.0804	0.407
Amoeboaphelidium protococcarum X5	TGA	no	0.934	0.9884	1.3681
Amoeboaphelidium protococcarum FD95	TGA	no	0.9388	0.9889	1.3577
Paramecium tetraurelia	TGA	no	0.984	0.8364	1.2856
Amoeboaphelidium protococcarum FD95	TGA	no	0.899	0.9845	1.1973
Paramecium tetraurelia	TGA	no	0.9685	0.7982	0.9569
Candida albicans SC5314	TAA,TAG,TGA	no	0.149	0.2372	0.2963
Eremoplastron rostratum	TAA,TAG,TGA	no	0.254	0.4441	0.3249
Oxytricha trifallax	TGA	no	1.0271	0.963	1.5832
Euplotes focardii	TAA,TAG	no	0.1496	0.2576	0.6973
Drosophila melanogaster	TAA,TAG,TGA	no	0.3331	0.2305	0.6098
Euplotes focardii	TAA,TAG	no	0.1397	0.2317	0.6869
Caenorhabditis elegans	TAA,TAG,TGA	no	0.4726	0.4641	0.974
Oxytricha trifallax	TGA	no	1.0426	1.0116	1.3862
Stylonychia lemnae	TGA	no	0.9668	1.1264	1.4756
Encephalitozoon cuniculi	TAA,TAG,TGA	no	0.241	0.2495	0.3143
Phaeodactylum tricornutum	TAA,TAG,TGA	no	0.1108	0.1294	0.2627
Chlamydomonas reinhardtii	TAA,TAG,TGA	no	0.264	0.4753	1.0163
Oxytricha trifallax	TGA	no	1.0416	0.9902	1.2789
Caenorhabditis elegans	TAA,TAG,TGA	no	0.6991	0.9521	0.8308
Bathycoccus prasinos	TAA,TAG,TGA	no	0.2927	0.0569	0.4101
Polyplastron multivesiculatum	TAA,TAG,TGA	no	0.1957	0.3921	0.2679
Oxytricha trifallax	TGA	no	1.0472	1.0051	1.3299
Ostreococcus tauri	TAA,TAG,TGA	no	0.2074	0.0623	0.4801
Obscuromonas oborniki	TAA,TAG,TGA	no	0.245	0.1396	0.6012
Polyplastron multivesiculatum	TAA,TAG,TGA	no	0.2429	0.453	0.2866
Amoeboaphelidium protococcarum FD95	TGA	no	0.9074	0.9663	1.3119
Paramecium tetraurelia	TGA	no	1.0017	0.8363	1.3808
Polyplastron multivesiculatum	TAA,TAG,TGA	no	0.2103	0.4034	0.2848
Euplotes focardii	TAA,TAG	no	0.1638	0.255	0.6907
Micromonas commoda RCC299	TAA,TAG,TGA	no	0.3303	0.0893	0.9997
Spironucleus salmonicida	TGA	no	0.9888	1.024	1.0017
Blepharisma stoltei	TAA,TAG	no	0.222	0.241	0.4651
Entamoeba histolytica	TAA,TAG,TGA	no	0.3756	0.484	0.3955
Obscuromonas volfi	TAA,TAG,TGA	no	0.1208	0.1568	0.8758
Epidinium cattanei	TAA,TAG,TGA	no	0.1778	0.2671	0.3297
Acetabularia acetabulum	TGA	no	0.1766	0.1368	0.9867
Spironucleus salmonicida	TGA	no	1.0209	1.2168	1.0479
Drosophila melanogaster	TAA,TAG,TGA	no	0.2826	0.243	0.6075
Trypanosoma brucei TREU927	TAA,TAG,TGA	no	0.5174	0.1942	0.5578
Oxytricha trifallax	TGA	no	1.0268	0.9934	1.2952
Encephalitozoon cuniculi	TAA,TAG,TGA	no	0.2063	0.2516	0.287
Euplotes focardii	TAA,TAG	no	0.1528	0.232	0.7596
Paramecium tetraurelia	TGA	no	0.9574	0.8253	0.7327
Amoeboaphelidium protococcarum FD95	TGA	no	0.8893	0.9792	1.2206
Paramecium tetraurelia	TGA	no	0.9924	0.8378	1.2786
Encephalitozoon cuniculi	TAA,TAG,TGA	no	0.1835	0.2401	0.2607
Amoeboaphelidium protococcarum X5	TGA	no	0.9371	0.9879	1.3687
Dasytricha ruminantium	TAA,TAG,TGA	no	0.3537	0.4562	0.424
Dasytricha ruminantium	TAA,TAG,TGA	no	0.3446	0.4513	0.5556
Perkinsus marinus	TAA,TAG,TGA	no	0.1396	0.1934	0.404
Micromonas commoda RCC299	TAA,TAG,TGA	no	0.3571	0.0966	0.9221
Paramecium tetraurelia	TGA	no	0.997	0.8347	0.9962
Amoeboaphelidium protococcarum FD95	TGA	no	0.915	0.8921	1.1776
Paramecium tetraurelia	TGA	no	0.9948	0.8334	1.3267
Caenorhabditis elegans	TAA,TAG,TGA	no	0.3156	0.4035	0.8013
Stylonychia lemnae	TGA	no	0.9612	1.1327	1.0254
Euplotes focardii	TAA,TAG	no	0.1559	0.26	0.649
Euplotes focardii	TAA,TAG	no	0.149	0.2383	0.6847
Paramecium tetraurelia	TGA	no	1.0201	0.8589	1.5218
Tetrahymena thermophila	TGA	no	1.1325	1.1517	0.7077
Toxoplasma gondii ME49	TAA,TAG,TGA	no	0.0717	0.0616	0.6192
Euplotes focardii	TAA,TAG	no	0.173	0.325	0.72
Perkinsus marinus	TAA,TAG,TGA	no	0.1519	0.2186	0.3717
Polyplastron multivesiculatum	TAA,TAG,TGA	no	0.2387	0.5113	0.3773
Dasytricha ruminantium	TAA,TAG,TGA	no	0.3732	0.465	0.5223
Tetrahymena thermophila	TGA	no	1.0744	1.0746	0.7635
Spironucleus salmonicida	TGA	no	1.0178	1.0873	1.0408
Chlamydomonas reinhardtii	TAA,TAG,TGA	no	0.8578	0.4938	1.0671
Naegleria gruberi	TAA,TAG,TGA	no	0.2685	0.3052	0.414
Paramecium tetraurelia	TGA	no	0.9846	0.8016	1.1042
Candida albicans SC5314	TAA,TAG,TGA	no	0.162	0.2613	0.3021
Thalassiosira pseudonana	TAA,TAG,TGA	no	0.2531	0.2908	0.4333
Euplotes focardii	TAA,TAG	no	0.1551	0.2703	0.6868
Paramecium tetraurelia	TGA	no	0.9951	0.8469	1.3973
Trypanosoma brucei TREU927	TAA,TAG,TGA	no	0.2231	0.0811	0.39
Perkinsus marinus	TAA,TAG,TGA	no	0.1334	0.1959	0.4187
Thalassiosira pseudonana	TAA,TAG,TGA	no	0.0703	0.0676	0.2948
Polyplastron multivesiculatum	TAA,TAG,TGA	no	0.2117	0.4143	0.2839
Paramecium tetraurelia	TGA	no	0.9618	0.8283	0.9982
Stylonychia lemnae	TGA	no	0.9596	1.1299	1.497
Euplotes focardii	TAA,TAG	no	0.1725	0.232	0.6967
Emiliania huxleyi	TAA,TAG,TGA	no	0.5604	0.5324	1.0121
Spironucleus salmonicida	TGA	no	1.0169	1.0573	0.96
Tetrahymena thermophila	TGA	no	1.1535	1.2025	0.8221
Tetrahymena thermophila	TGA	no	1.1724	1.221	1.2464
Euplotes focardii	TAA,TAG	no	0.169	0.2546	0.67
Tetrahymena thermophila	TGA	no	1.168	1.2145	1.2359
Amoeboaphelidium protococcarum X5	TGA	no	0.9356	0.9942	1.3493
Tetrahymena thermophila	TGA	no	1.1613	1.0623	1.1315
Thalassiosira pseudonana	TAA,TAG,TGA	no	0.1842	0.1382	0.3728
Amoeboaphelidium protococcarum FD95	TGA	no	0.9207	0.9896	1.4052
Caenorhabditis elegans	TAA,TAG,TGA	no	0.8746	0.8037	0.9351
Caenorhabditis elegans	TAA,TAG,TGA	no	0.696	0.4421	1.0065
Obscuromonas oborniki	TAA,TAG,TGA	no	0.1448	0.1103	0.5677
Naegleria gruberi	TAA,TAG,TGA	no	0.1592	0.1435	0.3982
Blepharisma stoltei	TAA,TAG	no	0.2549	0.3045	0.5237
Oxytricha trifallax	TGA	no	1.0415	0.957	1.0898
Paramecium tetraurelia	TGA	no	1.0004	0.8476	1.4253
Amoeboaphelidium protococcarum FD95	TGA	no	0.9286	0.9918	1.3649
Blepharisma stoltei	TAA,TAG	no	0.2034	0.2006	0.4975
Paramecium tetraurelia	TGA	no	0.8552	0.7519	0.6851
Perkinsus marinus	TAA,TAG,TGA	no	0.143	0.2009	0.4118
Euplotes focardii	TAA,TAG	no	0.1835	0.2943	0.6912
Stylonychia lemnae	TGA	no	0.9119	1.0526	1.1039
Polyplastron multivesiculatum	TAA,TAG,TGA	no	0.2069	0.4053	0.3369
Diplodinium dentatum	TAA,TAG,TGA	no	0.316	0.5319	0.3929
Stylonychia lemnae	TGA	no	0.8863	1.0649	0.4945
Blepharisma stoltei	TAA,TAG	no	0.1937	0.2768	0.5127
Chlamydomonas reinhardtii	TAA,TAG,TGA	no	0.4012	0.3077	0.9611
Amoeboaphelidium protococcarum X5	TGA	no	0.9079	0.9601	1.0909
Phaeodactylum tricornutum	TAA,TAG,TGA	no	0.2204	0.2635	0.2888
Blepharisma stoltei	TAA,TAG	no	0.2144	0.2258	0.4825
Amoeboaphelidium protococcarum FD95	TGA	no	0.933	1.0138	1.3168
Spironucleus salmonicida	TGA	no	1.0276	1.1121	1.0428
Tetrahymena thermophila	TGA	no	1.1641	1.196	1.1539
Naegleria gruberi	TAA,TAG,TGA	no	0.2202	0.1617	0.3931
Enoploplastron triloricatum	TAA,TAG,TGA	no	0.2172	0.3799	0.2889
Stylonychia lemnae	TGA	no	0.9591	1.1133	1.4691
Tetrahymena thermophila	TGA	no	1.1652	1.2149	1.1141
Thalassiosira pseudonana	TAA,TAG,TGA	no	0.0732	0.0743	0.3491
Trypanosoma brucei TREU927	TAA,TAG,TGA	no	0.184	0.1058	0.3868
Amoeboaphelidium protococcarum FD95	TGA	no	0.9333	1.0087	1.3806
Amoeboaphelidium protococcarum X5	TGA	no	0.9335	0.9875	1.3683
Amoeboaphelidium protococcarum X5	TGA	no	0.849	0.9656	0.9891
Amoeboaphelidium protococcarum X5	TGA	no	0.9353	0.9892	1.3462
Diplodinium dentatum	TAA,TAG,TGA	no	0.3097	0.5172	0.3648
Paramecium tetraurelia	TGA	no	0.9976	0.8479	1.3865
Acetabularia acetabulum	TGA	no	0.2067	0.1245	1.0095
Obscuromonas oborniki	TAA,TAG,TGA	no	0.13	0.1107	0.5095
Phaeodactylum tricornutum	TAA,TAG,TGA	no	0.1704	0.2096	0.2687
Spironucleus salmonicida	TGA	no	1.0704	1.0209	1.1757
Epidinium cattanei	TAA,TAG,TGA	no	0.1654	0.2608	0.3205
Cryptosporidium parvum	TAA,TAG,TGA	no	0.1648	0.188	0.2622
Enoploplastron triloricatum	TAA,TAG,TGA	no	0.2492	0.4101	0.2872
Naegleria gruberi	TAA,TAG,TGA	no	0.1738	0.2474	0.3959
Obscuromonas volfi	TAA,TAG,TGA	no	0.0864	0.1411	0.8284
Arabidopsis thaliana	TAA,TAG,TGA	no	0.4088	0.311	0.5416
Euplotes focardii	TAA,TAG	no	0.1574	0.2635	0.6934
Stylonychia lemnae	TGA	no	0.9442	1.0855	1.0678
Saccharomyces cerevisiae S288C	TAA,TAG,TGA	no	0.1391	0.1084	0.2803
Spironucleus salmonicida	TGA	no	1.0676	1.2927	1.1613
Paramecium tetraurelia	TGA	no	1.0009	0.8536	1.3556
Tetrahymena thermophila	TGA	no	1.0052	1.0949	0.4747
Eremoplastron rostratum	TAA,TAG,TGA	no	0.1943	0.3704	0.2917
Amoeboaphelidium occidentale	TAA,TAG,TGA	no	0.0986	0.0833	0.2353
Blepharisma stoltei	TAA,TAG	no	0.2224	0.2651	0.4602
Thalassiosira pseudonana	TAA,TAG,TGA	no	0.2096	0.2472	0.4271
Eremoplastron rostratum	TAA,TAG,TGA	no	0.2158	0.3891	0.3144
Enoploplastron triloricatum	TAA,TAG,TGA	no	0.2218	0.4011	0.2823
Acetabularia acetabulum	TGA	no	0.1793	0.1156	1.0048
Spironucleus salmonicida	TGA	no	1.0437	1.2844	0.9257
Paramecium tetraurelia	TGA	no	0.9972	0.8453	1.3243
Paramecium tetraurelia	TGA	no	0.9946	0.8259	1.256
Stylonychia lemnae	TGA	no	0.954	1.1373	1.6515
Euplotes focardii	TAA,TAG	no	0.1333	0.165	0.8012
Encephalitozoon cuniculi	TAA,TAG,TGA	no	0.2465	0.2564	0.334
Dictyostelium discoideum AX4	TAA,TAG,TGA	no	0.4424	0.4205	0.4548
Dictyostelium discoideum AX4	TAA,TAG,TGA	no	0.4327	0.385	0.4763
Perkinsus marinus	TAA,TAG,TGA	no	0.1378	0.1823	0.3987
Bathycoccus prasinos	TAA,TAG,TGA	no	0.2701	0.055	0.2309
Dasytricha ruminantium	TAA,TAG,TGA	no	0.3726	0.4451	0.5078
Polyplastron multivesiculatum	TAA,TAG,TGA	no	0.2119	0.3997	0.2695
Stylonychia lemnae	TGA	no	0.9601	1.1357	1.2035
Amoeboaphelidium occidentale	TAA,TAG,TGA	no	0.1039	0.086	0.2488
Euplotes focardii	TAA,TAG	no	0.1417	0.2124	0.663
Oxytricha trifallax	TGA	no	1.0556	1.0114	1.329
Paramecium tetraurelia	TGA	no	0.9509	0.8083	0.5702
Diplodinium dentatum	TAA,TAG,TGA	no	0.3164	0.502	0.4596
Euplotes focardii	TAA,TAG	no	0.1518	0.2277	0.7754
Tetrahymena thermophila	TGA	no	1.1918	1.1668	1.0655
Emiliania huxleyi	TAA,TAG,TGA	no	0.6143	0.6095	1.156
Tetrahymena thermophila	TGA	no	1.1419	1.1828	0.9159
Amoeboaphelidium protococcarum FD95	TGA	no	0.8542	0.9595	1.0661
Amoeboaphelidium protococcarum X5	TGA	no	0.9098	0.9645	1.229
Entamoeba histolytica	TAA,TAG,TGA	no	0.3744	0.4868	0.3889
Epidinium cattanei	TAA,TAG,TGA	no	0.1714	0.268	0.3025
Giardia duodenalis	TAA,TAG,TGA	no	0.0785	0.1217	0.333
Bathycoccus prasinos	TAA,TAG,TGA	no	0.2819	0.0544	0.2402
Dictyostelium discoideum AX4	TAA,TAG,TGA	no	0.4269	0.3698	0.4619
Eremoplastron rostratum	TAA,TAG,TGA	no	0.1892	0.3549	0.2997
Obscuromonas oborniki	TAA,TAG,TGA	no	0.2345	0.158	0.6214
Blepharisma stoltei	TAA,TAG	no	0.2618	0.3472	0.5025
Naegleria gruberi	TAA,TAG,TGA	no	0.1605	0.1327	0.4499
Drosophila melanogaster	TAA,TAG,TGA	no	0.2401	0.178	0.7748
Tetrahymena thermophila	TGA	no	1.1533	1.2013	1.0847
Phaeodactylum tricornutum	TAA,TAG,TGA	no	0.1135	0.1393	0.2317
Acetabularia acetabulum	TGA	no	0.1902	0.1258	0.9735
Blepharisma stoltei	TAA,TAG	no	0.2361	0.245	0.4799
Micromonas commoda RCC299	TAA,TAG,TGA	no	0.3745	0.0962	0.9109
Stylonychia lemnae	TGA	no	0.9511	1.1238	0.9989
Acetabularia acetabulum	TGA	no	0.1945	0.1153	0.9731
Stylonychia lemnae	TGA	no	0.9644	1.1232	1.3432
Giardia duodenalis	TAA,TAG,TGA	no	0.09	0.1024	0.3207
Obscuromonas oborniki	TAA,TAG,TGA	no	0.1828	0.1228	0.5584
Blepharisma stoltei	TAA,TAG	no	0.2439	0.3179	0.4944
Metadinium minorum	TAA,TAG,TGA	no	0.1809	0.3462	0.2459
Euplotes focardii	TAA,TAG	no	0.1621	0.2977	0.6052
Acetabularia acetabulum	TGA	no	0.1897	0.1122	0.9869
Stylonychia lemnae	TGA	no	0.9618	1.1106	1.1895
Tetrahymena thermophila	TGA	no	1.1784	1.2229	1.2557
Obscuromonas volfi	TAA,TAG,TGA	no	0.0866	0.1244	0.8642
Trypanosoma brucei TREU927	TAA,TAG,TGA	no	0.184	0.1432	0.5112
Spironucleus salmonicida	TGA	no	0.8926	1.3375	0.8866
Emiliania huxleyi	TAA,TAG,TGA	no	0.4534	0.4573	1.1584
Cryptosporidium parvum	TAA,TAG,TGA	no	0.1768	0.2196	0.2836
Tetrahymena thermophila	TGA	no	1.1446	1.1237	0.6713
Paramecium tetraurelia	TGA	no	1.0328	0.8689	1.201
Spironucleus salmonicida	TGA	no	1.0282	1.0629	1.0074
Encephalitozoon cuniculi	TAA,TAG,TGA	no	0.1838	0.2421	0.2632
Chlamydomonas reinhardtii	TAA,TAG,TGA	no	0.2536	0.3406	1.0667
Oxytricha trifallax	TGA	no	1.0364	0.98	1.1692
Dictyostelium discoideum AX4	TAA,TAG,TGA	no	0.4214	0.3567	0.4879
Euplotes focardii	TAA,TAG	no	0.1726	0.2821	0.6626
Caenorhabditis elegans	TAA,TAG,TGA	no	0.3886	0.6046	0.7971
Paramecium tetraurelia	TGA	no	0.9741	0.7574	0.7733
Enoploplastron triloricatum	TAA,TAG,TGA	no	0.216	0.3863	0.2866
Amoeboaphelidium protococcarum X5	TGA	no	0.8955	0.9157	1.0856
Blepharisma stoltei	TAA,TAG	no	0.2408	0.2812	0.5587
Metadinium minorum	TAA,TAG,TGA	no	0.1698	0.3793	0.2943
Trypanosoma brucei TREU927	TAA,TAG,TGA	no	0.2295	0.0729	0.386
Acetabularia acetabulum	TGA	no	0.1912	0.1207	0.9548
Polyplastron multivesiculatum	TAA,TAG,TGA	no	0.1928	0.3809	0.2887
Encephalitozoon cuniculi	TAA,TAG,TGA	no	0.1803	0.239	0.2457
Tetrahymena thermophila	TGA	no	1.1538	1.234	1.8139
Thalassiosira pseudonana	TAA,TAG,TGA	no	0.097	0.0925	0.3424
Naegleria gruberi	TAA,TAG,TGA	no	0.1535	0.14	0.3845
Amoeboaphelidium protococcarum FD95	TGA	no	0.825	0.9657	0.9485
Tetrahymena thermophila	TGA	no	1.0675	1.1337	0.7334
Cryptosporidium parvum	TAA,TAG,TGA	no	0.1842	0.2022	0.2543
Thalassiosira pseudonana	TAA,TAG,TGA	no	0.1683	0.1905	0.3813
Tetrahymena thermophila	TGA	no	1.0489	1.0467	0.61
Bathycoccus prasinos	TAA,TAG,TGA	no	0.2539	0.0538	0.2359
Spironucleus salmonicida	TGA	no	1.0391	1.0761	1.0934
Euplotes focardii	TAA,TAG	no	0.1729	0.2618	0.7131
Spironucleus salmonicida	TGA	no	1.0202	1.2856	1.0555
Blepharisma stoltei	TAA,TAG	no	0.2344	0.2294	0.4801
Spironucleus salmonicida	TGA	no	1.0431	1.108	1.1192
Blepharisma stoltei	TAA,TAG	no	0.2273	0.3334	0.4933
Entamoeba histolytica	TAA,TAG,TGA	no	0.3711	0.4907	0.3863
Acetabularia acetabulum	TGA	no	0.1874	0.1034	0.9684
Amoeboaphelidium protococcarum FD95	TGA	no	0.929	0.9871	1.3649
Amoeboaphelidium protococcarum FD95	TGA	no	0.9019	0.9968	1.294
Naegleria gruberi	TAA,TAG,TGA	no	0.1666	0.1943	0.3374
Ostreococcus tauri	TAA,TAG,TGA	no	0.2167	0.0629	0.5677
Cryptosporidium parvum	TAA,TAG,TGA	no	0.2039	0.2209	0.2886
Perkinsus marinus	TAA,TAG,TGA	no	0.1479	0.2138	0.4258
Thalassiosira pseudonana	TAA,TAG,TGA	no	0.0694	0.0749	0.3162
Oxytricha trifallax	TGA	no	1.0394	0.994	1.0301
Amoeboaphelidium protococcarum X5	TGA	no	0.8872	0.9766	1.2276
Polyplastron multivesiculatum	TAA,TAG,TGA	no	0.2086	0.4057	0.3097
Tetrahymena thermophila	TGA	no	1.1583	1.2032	1.2984
Chlamydomonas reinhardtii	TAA,TAG,TGA	no	0.8549	0.291	0.9594
Chlamydomonas reinhardtii	TAA,TAG,TGA	no	0.5119	0.3078	1.028
Euplotes focardii	TAA,TAG	no	0.1571	0.2346	0.6306
Naegleria gruberi	TAA,TAG,TGA	no	0.1517	0.1225	0.334
Stylonychia lemnae	TGA	no	0.9374	1.1131	1.3668
Epidinium cattanei	TAA,TAG,TGA	no	0.1638	0.2774	0.2963
Micromonas commoda RCC299	TAA,TAG,TGA	no	0.344	0.0949	0.9567
Chlamydomonas reinhardtii	TAA,TAG,TGA	no	0.2646	0.2481	0.9339
Dasytricha ruminantium	TAA,TAG,TGA	no	0.4229	0.4809	0.5195
Oxytricha trifallax	TGA	no	1.0372	1.0012	1.325
Acetabularia acetabulum	TGA	no	0.1925	0.1272	0.9613
Phaeodactylum tricornutum	TAA,TAG,TGA	no	0.2317	0.1537	0.3562
Spironucleus salmonicida	TGA	no	1.0385	1.1592	1.0927
Thalassiosira pseudonana	TAA,TAG,TGA	no	0.0778	0.0787	0.3181
Saccharomyces cerevisiae S288C	TAA,TAG,TGA	no	0.1953	0.1688	0.2764
Cryptosporidium parvum	TAA,TAG,TGA	no	0.1829	0.2192	0.2778
Euplotes focardii	TAA,TAG	no	0.143	0.2402	0.7186
Phaeodactylum tricornutum	TAA,TAG,TGA	no	0.126	0.1195	0.2686
Amoeboaphelidium protococcarum X5	TGA	no	0.8408	0.951	1.085
Euplotes focardii	TAA,TAG	no	0.2894	0.3589	0.6899
Paramecium tetraurelia	TGA	no	1.0072	0.8461	1.3827
Blepharisma stoltei	TAA,TAG	no	0.2249	0.2436	0.4857
Thalassiosira pseudonana	TAA,TAG,TGA	no	0.1353	0.1085	0.3271
Enoploplastron triloricatum	TAA,TAG,TGA	no	0.1997	0.3518	0.2821
Acetabularia acetabulum	TGA	no	0.2266	0.1195	0.9953
Encephalitozoon cuniculi	TAA,TAG,TGA	no	0.1773	0.2381	0.2482
Drosophila melanogaster	TAA,TAG,TGA	no	0.2242	0.1136	0.7496
Naegleria gruberi	TAA,TAG,TGA	no	0.1579	0.1328	0.4042
Amoeboaphelidium protococcarum X5	TGA	no	0.9404	0.9878	1.3804
Stylonychia lemnae	TGA	no	0.8575	1.0216	0.4623
Encephalitozoon cuniculi	TAA,TAG,TGA	no	0.1767	0.2394	0.2581
Tetrahymena thermophila	TGA	no	1.1665	1.1872	1.1641
Blepharisma stoltei	TAA,TAG	no	0.2239	0.2815	0.4902
Cryptosporidium parvum	TAA,TAG,TGA	no	0.2506	0.3014	0.3014
Oxytricha trifallax	TGA	no	1.0441	1.012	1.3293
Stylonychia lemnae	TGA	no	0.959	1.1442	1.3553
Stylonychia lemnae	TGA	no	0.8165	1.0174	0.4673
Bathycoccus prasinos	TAA,TAG,TGA	no	0.2636	0.0553	0.2615
Drosophila melanogaster	TAA,TAG,TGA	no	0.2217	0.1403	0.7269
Paramecium tetraurelia	TGA	no	1.0005	0.8305	1.027
Micromonas commoda RCC299	TAA,TAG,TGA	no	0.3706	0.0968	0.9564
Dasytricha ruminantium	TAA,TAG,TGA	no	0.3504	0.4398	0.531
Caenorhabditis elegans	TAA,TAG,TGA	no	0.3996	0.5389	0.8507
Paramecium tetraurelia	TGA	no	0.9976	0.8485	1.3886
Candida albicans SC5314	TAA,TAG,TGA	no	0.1134	0.1691	0.2996
Oxytricha trifallax	TGA	no	1.0226	0.9171	1.1462
Oxytricha trifallax	TGA	no	1.0412	0.9932	1.3524
Stylonychia lemnae	TGA	no	0.9594	1.1409	1.4463
Phaeodactylum tricornutum	TAA,TAG,TGA	no	0.1085	0.1235	0.2665
Bathycoccus prasinos	TAA,TAG,TGA	no	0.2567	0.0526	0.2317
Spironucleus salmonicida	TGA	no	1.0571	1.159	1.1103
Dasytricha ruminantium	TAA,TAG,TGA	no	0.388	0.4784	0.5355
Paramecium tetraurelia	TGA	no	0.9523	0.6792	0.8479
Euplotes focardii	TAA,TAG	no	0.1598	0.2402	0.6284
Saccharomyces cerevisiae S288C	TAA,TAG,TGA	no	0.1219	0.0983	0.3625
Cryptosporidium parvum	TAA,TAG,TGA	no	0.1962	0.2271	0.2736
Paramecium tetraurelia	TGA	no	0.9837	0.8305	1.2885
Amoeboaphelidium protococcarum FD95	TGA	no	0.9334	1.0194	1.3682
Perkinsus marinus	TAA,TAG,TGA	no	0.1388	0.2024	0.4036
Spironucleus salmonicida	TGA	no	1.0157	1.1136	1.0332
Cryptosporidium parvum	TAA,TAG,TGA	no	0.2091	0.2355	0.2756
Emiliania huxleyi	TAA,TAG,TGA	no	0.3569	0.3174	1.0698
Oxytricha trifallax	TGA	no	1.0233	0.9493	0.9221
Micromonas commoda RCC299	TAA,TAG,TGA	no	0.3921	0.0973	0.9636
Amoeboaphelidium occidentale	TAA,TAG,TGA	no	0.1013	0.088	0.2464
Oxytricha trifallax	TGA	no	1.0362	0.9935	1.3078
Oxytricha trifallax	TGA	no	1.0265	0.9656	1.2024
Spironucleus salmonicida	TGA	no	1.0342	1.1391	1.1087
Acetabularia acetabulum	TGA	no	0.2045	0.1226	1.0744
Stylonychia lemnae	TGA	no	0.9623	1.1139	1.4298
Entamoeba histolytica	TAA,TAG,TGA	no	0.4536	0.5414	0.3819
Fabrea salina	TAA,TAG,TGA	no	0.1527	0.1868	0.132
Arabidopsis thaliana	TAA,TAG,TGA	no	0.4978	0.334	0.5614
Epidinium cattanei	TAA,TAG,TGA	no	0.2879	0.4065	0.4029
Tetrahymena thermophila	TGA	no	1.1593	1.1989	1.2514
Amoeboaphelidium protococcarum FD95	TGA	no	0.9076	1.0108	1.414
Euplotes focardii	TAA,TAG	no	0.2321	0.3089	0.73
Dictyostelium discoideum AX4	TAA,TAG,TGA	no	0.4303	0.3733	0.4584
Euplotes focardii	TAA,TAG	no	0.1687	0.2851	0.765
Thalassiosira pseudonana	TAA,TAG,TGA	no	0.0572	0.0675	0.3055
Ostreococcus tauri	TAA,TAG,TGA	no	0.3683	0.0947	0.78
Aspergillus nidulans FGSC A4	TAA,TAG,TGA	no	0.2378	0.2127	0.6738
Obscuromonas volfi	TAA,TAG,TGA	no	0.0985	0.1432	0.8124
Encephalitozoon cuniculi	TAA,TAG,TGA	no	0.1821	0.2356	0.3469
Stylonychia lemnae	TGA	no	0.9602	1.1165	1.4023
Metadinium minorum	TAA,TAG,TGA	no	0.1815	0.3653	0.2499
Perkinsus marinus	TAA,TAG,TGA	no	0.153	0.2097	0.3941
Emiliania huxleyi	TAA,TAG,TGA	no	0.3238	0.3652	1.114
Oxytricha trifallax	TGA	no	1.0103	0.9601	0.7302
Toxoplasma gondii ME49	TAA,TAG,TGA	no	0.546	0.3281	0.7163
Euplotes focardii	TAA,TAG	no	0.1563	0.2616	0.7014
Cryptosporidium parvum	TAA,TAG,TGA	no	0.1764	0.2184	0.2673
Polyplastron multivesiculatum	TAA,TAG,TGA	no	0.2036	0.4087	0.2725
Saccharomyces cerevisiae S288C	TAA,TAG,TGA	no	0.1594	0.1065	0.2282
Phaeodactylum tricornutum	TAA,TAG,TGA	no	0.1091	0.1144	0.245
Paramecium tetraurelia	TGA	no	0.9825	0.8221	1.1281
Acetabularia acetabulum	TGA	no	0.2017	0.1269	0.9808
Tetrahymena thermophila	TGA	no	1.161	1.207	1.4704
Dictyostelium discoideum AX4	TAA,TAG,TGA	no	0.4324	0.3811	0.4423
Phaeodactylum tricornutum	TAA,TAG,TGA	no	0.1061	0.1089	0.2572
Entamoeba histolytica	TAA,TAG,TGA	no	0.3647	0.4851	0.3762
Ostreococcus tauri	TAA,TAG,TGA	no	0.2627	0.0942	0.7607
Spironucleus salmonicida	TGA	no	1.0349	1.1396	1.0584
Stylonychia lemnae	TGA	no	0.9648	1.1254	1.4981
Euplotes focardii	TAA,TAG	no	0.1645	0.2558	0.6875
Phaeodactylum tricornutum	TAA,TAG,TGA	no	0.1403	0.123	0.3304
Entamoeba histolytica	TAA,TAG,TGA	no	0.3944	0.5088	0.3985
Stylonychia lemnae	TGA	no	0.9589	1.0981	1.3659
Spironucleus salmonicida	TGA	no	0.9754	1.6124	1.0417
Paramecium tetraurelia	TGA	no	0.9895	0.8709	1.503
Amoeboaphelidium protococcarum FD95	TGA	no	0.9304	0.9931	1.3932
Oxytricha trifallax	TGA	no	1.0031	0.9477	0.7294
Tetrahymena thermophila	TGA	no	1.135	1.1662	0.9065
Emiliania huxleyi	TAA,TAG,TGA	no	0.2815	0.3762	1.05
Blepharisma stoltei	TAA,TAG	no	0.3304	0.3881	0.499
Eremoplastron rostratum	TAA,TAG,TGA	no	0.2014	0.3851	0.3099
Saccharomyces cerevisiae S288C	TAA,TAG,TGA	no	0.122	0.1001	0.2242
Dasytricha ruminantium	TAA,TAG,TGA	no	0.3692	0.4534	0.4809
Paramecium tetraurelia	TGA	no	1.0004	0.8484	1.3078
Enoploplastron triloricatum	TAA,TAG,TGA	no	0.2114	0.3778	0.3241
Amoeboaphelidium protococcarum FD95	TGA	no	0.876	0.8909	1.0482
Acetabularia acetabulum	TGA	no	0.213	0.1173	0.9973
Diplodinium dentatum	TAA,TAG,TGA	no	0.3166	0.5133	0.4033
Naegleria gruberi	TAA,TAG,TGA	no	0.1436	0.1317	0.3708
Oxytricha trifallax	TGA	no	1.0354	0.9882	1.4141
Spironucleus salmonicida	TGA	no	1.0252	1.2062	1.0272
Metadinium minorum	TAA,TAG,TGA	no	0.1844	0.3666	0.2478
Obscuromonas volfi	TAA,TAG,TGA	no	0.0919	0.1696	0.8694
Amoeboaphelidium protococcarum X5	TGA	no	0.9306	0.9921	1.3424
Amoeboaphelidium protococcarum X5	TGA	no	0.9512	0.9804	1.4065
Spironucleus salmonicida	TGA	no	1.0092	1.1892	1.0091
Emiliania huxleyi	TAA,TAG,TGA	no	0.3294	0.431	1.0913
Drosophila melanogaster	TAA,TAG,TGA	no	0.2315	0.3068	0.6374
Trypanosoma brucei TREU927	TAA,TAG,TGA	no	0.152	0.1146	0.3247
Amoeboaphelidium protococcarum FD95	TGA	no	0.9566	1.014	1.3839
Acetabularia acetabulum	TGA	no	0.2131	0.1286	0.9625
Oxytricha trifallax	TGA	no	1.0412	0.9988	1.15
Oxytricha trifallax	TGA	no	1.0321	0.87	1.1292
Aspergillus nidulans FGSC A4	TAA,TAG,TGA	no	0.777	0.4964	0.627
Toxoplasma gondii ME49	TAA,TAG,TGA	no	0.0558	0.0447	0.533
Tetrahymena thermophila	TGA	no	1.1533	1.2025	1.3243
Saccharomyces cerevisiae S288C	TAA,TAG,TGA	no	0.2731	0.2123	0.2568
Ostreococcus tauri	TAA,TAG,TGA	no	0.2183	0.0628	0.6851
Blepharisma stoltei	TAA,TAG	no	0.24	0.2788	0.4835
Eremoplastron rostratum	TAA,TAG,TGA	no	0.2134	0.3837	0.2787
Spironucleus salmonicida	TGA	no	1.0657	1.3804	1.024
Drosophila melanogaster	TAA,TAG,TGA	no	0.2826	0.1541	0.5642
Euplotes focardii	TAA,TAG	no	0.1562	0.2556	0.7422
Obscuromonas volfi	TAA,TAG,TGA	no	0.0886	0.1624	0.8457
Euplotes focardii	TAA,TAG	no	0.169	0.2662	0.6979
Ostreococcus tauri	TAA,TAG,TGA	no	0.231	0.062	0.5471
Amoeboaphelidium protococcarum X5	TGA	no	0.9245	0.9974	1.4196
Euplotes focardii	TAA,TAG	no	0.3632	0.3842	0.7212
Eremoplastron rostratum	TAA,TAG,TGA	no	0.2021	0.3549	0.272
Spironucleus salmonicida	TGA	no	0.7898	0.9999	1.0525
Encephalitozoon cuniculi	TAA,TAG,TGA	no	0.1725	0.246	0.3267
Eremoplastron rostratum	TAA,TAG,TGA	no	0.1892	0.3513	0.3059
Oxytricha trifallax	TGA	no	0.9646	0.9324	0.5548
Tetrahymena thermophila	TGA	no	1.1402	1.1291	0.9661
Caenorhabditis elegans	TAA,TAG,TGA	no	0.5022	0.5916	0.7935
Enoploplastron triloricatum	TAA,TAG,TGA	no	0.2199	0.3914	0.2813
Emiliania huxleyi	TAA,TAG,TGA	no	0.4319	0.4039	1.0839
Blepharisma stoltei	TAA,TAG	no	0.2462	0.2928	0.4881
Stylonychia lemnae	TGA	no	0.9584	1.0991	1.2709
Perkinsus marinus	TAA,TAG,TGA	no	0.1542	0.2182	0.3491
Dictyostelium discoideum AX4	TAA,TAG,TGA	no	0.4396	0.3775	0.463
Stylonychia lemnae	TGA	no	0.955	1.0849	1.2637
Amoeboaphelidium protococcarum FD95	TGA	no	0.9583	1.0017	1.3941
Paramecium tetraurelia	TGA	no	0.9995	0.848	1.4477
Emiliania huxleyi	TAA,TAG,TGA	no	0.6491	0.4012	1.0869
Blepharisma stoltei	TAA,TAG	no	0.263	0.3801	0.4545
Paramecium tetraurelia	TGA	no	0.7994	0.7345	0.4166
Perkinsus marinus	TAA,TAG,TGA	no	0.1924	0.2442	0.4313
Perkinsus marinus	TAA,TAG,TGA	no	0.2135	0.2459	0.4056
Toxoplasma gondii ME49	TAA,TAG,TGA	no	0.1701	0.1843	0.6305
Spironucleus salmonicida	TGA	no	1.0775	1.1539	1.0631
Perkinsus marinus	TAA,TAG,TGA	no	0.134	0.1831	0.404
Euplotes focardii	TAA,TAG	no	0.1515	0.1844	0.6824
Oxytricha trifallax	TGA	no	1.0407	1.0124	1.2843
Arabidopsis thaliana	TAA,TAG,TGA	no	0.3227	0.2181	0.5649
Acetabularia acetabulum	TGA	no	0.1965	0.1432	0.9929
Dictyostelium discoideum AX4	TAA,TAG,TGA	no	0.4593	0.4212	0.4349
Encephalitozoon cuniculi	TAA,TAG,TGA	no	0.3315	0.2806	0.388
Aspergillus nidulans FGSC A4	TAA,TAG,TGA	no	0.2177	0.2101	0.5051
Oxytricha trifallax	TGA	no	1.0346	0.9954	1.3669
Euplotes focardii	TAA,TAG	no	0.2737	0.362	0.7118
Perkinsus marinus	TAA,TAG,TGA	no	0.1531	0.2072	0.4194
Paramecium tetraurelia	TGA	no	1.0018	0.8654	1.1505
Euplotes focardii	TAA,TAG	no	0.1494	0.2559	0.697
Eremoplastron rostratum	TAA,TAG,TGA	no	0.2052	0.3985	0.3323
Toxoplasma gondii ME49	TAA,TAG,TGA	no	0.0516	0.0601	0.5717
Polyplastron multivesiculatum	TAA,TAG,TGA	no	0.1894	0.381	0.2916
Spironucleus salmonicida	TGA	no	1.0605	1.1549	1.0936
Stylonychia lemnae	TGA	no	0.9677	1.1161	1.4208
Stylonychia lemnae	TGA	no	0.9569	1.0801	1.1391
Spironucleus salmonicida	TGA	no	1.027	1.1016	1.0937
Polyplastron multivesiculatum	TAA,TAG,TGA	no	0.2154	0.4033	0.2684
Amoeboaphelidium occidentale	TAA,TAG,TGA	no	0.102	0.0865	0.2426
Euplotes focardii	TAA,TAG	no	0.1431	0.212	0.6852
Cryptosporidium parvum	TAA,TAG,TGA	no	0.2441	0.2725	0.2678
Tetrahymena thermophila	TGA	no	1.1749	1.2051	1.0055
Oxytricha trifallax	TGA	no	1.0389	1.0034	1.198
Spironucleus salmonicida	TGA	no	0.9519	1.9062	1.055
Euplotes focardii	TAA,TAG	no	0.2191	0.4167	0.6992
Amoeboaphelidium protococcarum FD95	TGA	no	0.733	0.961	0.9058
Aspergillus nidulans FGSC A4	TAA,TAG,TGA	no	0.2125	0.1816	0.4328
Entamoeba histolytica	TAA,TAG,TGA	no	0.3784	0.4966	0.3892
Amoeboaphelidium protococcarum FD95	TGA	no	0.9205	0.9847	1.4799
Amoeboaphelidium protococcarum FD95	TGA	no	0.9189	0.966	1.2268
Bathycoccus prasinos	TAA,TAG,TGA	no	0.2549	0.0548	0.2336
Obscuromonas volfi	TAA,TAG,TGA	no	0.0951	0.1511	0.8533
Ostreococcus tauri	TAA,TAG,TGA	no	0.372	0.101	0.7251
Ostreococcus tauri	TAA,TAG,TGA	no	0.2133	0.0604	0.5513
Fabrea salina	TAA,TAG,TGA	no	0.1374	0.1416	0.1194
Obscuromonas oborniki	TAA,TAG,TGA	no	0.1582	0.1282	0.5076
Fabrea salina	TAA,TAG,TGA	no	0.1354	0.1426	0.1709
Amoeboaphelidium protococcarum FD95	TGA	no	0.9062	0.9887	1.3139
Cryptosporidium parvum	TAA,TAG,TGA	no	0.1852	0.2217	0.2787
Phaeodactylum tricornutum	TAA,TAG,TGA	no	0.1114	0.1538	0.2716
Tetrahymena thermophila	TGA	no	1.1637	1.2007	1.0851
Stylonychia lemnae	TGA	no	0.9465	1.0862	1.447
Oxytricha trifallax	TGA	no	1.0425	0.9975	1.3417
Euplotes focardii	TAA,TAG	no	0.147	0.253	0.6779
Blepharisma stoltei	TAA,TAG	no	0.2669	0.2155	0.542
Tetrahymena thermophila	TGA	no	1.1537	1.1583	1.1279
Acetabularia acetabulum	TGA	no	0.1844	0.1233	0.9347
Blepharisma stoltei	TAA,TAG	no	0.2401	0.3	0.4798
Giardia duodenalis	TAA,TAG,TGA	no	0.082	0.0923	0.3213
Bathycoccus prasinos	TAA,TAG,TGA	no	0.2507	0.0532	0.2414
Paramecium tetraurelia	TGA	no	0.9969	0.8468	1.3217
Ostreococcus tauri	TAA,TAG,TGA	no	0.2081	0.0608	0.8109
Acetabularia acetabulum	TGA	no	0.1668	0.1157	1.0216
Tetrahymena thermophila	TGA	no	1.172	1.2096	1.2635
Toxoplasma gondii ME49	TAA,TAG,TGA	no	0.0697	0.0699	0.5918
Dasytricha ruminantium	TAA,TAG,TGA	no	0.3732	0.4523	0.4985
Arabidopsis thaliana	TAA,TAG,TGA	no	0.2635	0.1601	0.491
Giardia duodenalis	TAA,TAG,TGA	no	0.0712	0.0953	0.2974
Spironucleus salmonicida	TGA	no	1.0694	0.9965	1.1062
Acetabularia acetabulum	TGA	no	0.2323	0.1162	1.0499
Candida albicans SC5314	TAA,TAG,TGA	no	0.2177	0.2657	0.3369
Oxytricha trifallax	TGA	no	1.035	1.0073	1.2619
Polyplastron multivesiculatum	TAA,TAG,TGA	no	0.2081	0.4088	0.2764
Aspergillus nidulans FGSC A4	TAA,TAG,TGA	no	0.2614	0.2479	0.4353
Drosophila melanogaster	TAA,TAG,TGA	no	0.1819	0.136	0.5354
Oxytricha trifallax	TGA	no	1.0429	0.9899	1.2633
Ostreococcus tauri	TAA,TAG,TGA	no	0.2314	0.0687	0.8278
Phaeodactylum tricornutum	TAA,TAG,TGA	no	0.1899	0.2507	0.3407
Amoeboaphelidium protococcarum X5	TGA	no	0.9117	0.9564	1.1621
Diplodinium dentatum	TAA,TAG,TGA	no	0.3165	0.5235	0.4087
Giardia duodenalis	TAA,TAG,TGA	no	0.1642	0.2013	0.3964
Perkinsus marinus	TAA,TAG,TGA	no	0.142	0.2038	0.3731
Paramecium tetraurelia	TGA	no	0.9948	0.8468	1.3351
Phaeodactylum tricornutum	TAA,TAG,TGA	no	0.1066	0.13	0.3228
Perkinsus marinus	TAA,TAG,TGA	no	0.2347	0.2614	0.4484
Metadinium minorum	TAA,TAG,TGA	no	0.1973	0.3726	0.2346
Enoploplastron triloricatum	TAA,TAG,TGA	no	0.2102	0.3728	0.3018
Oxytricha trifallax	TGA	no	1.0239	0.9613	1.2604
Oxytricha trifallax	TGA	no	1.044	1.0017	1.2537
Spironucleus salmonicida	TGA	no	1.0376	1.2664	1.0135
Encephalitozoon cuniculi	TAA,TAG,TGA	no	0.2075	0.2538	0.2908
Paramecium tetraurelia	TGA	no	1.0235	0.8538	1.1815
Oxytricha trifallax	TGA	no	1.0305	0.9205	1.1119
Ostreococcus tauri	TAA,TAG,TGA	no	0.373	0.0906	0.8011
Enoploplastron triloricatum	TAA,TAG,TGA	no	0.2097	0.3789	0.2841
Diplodinium dentatum	TAA,TAG,TGA	no	0.3252	0.5366	0.3717
Epidinium cattanei	TAA,TAG,TGA	no	0.1701	0.2596	0.2973
Obscuromonas oborniki	TAA,TAG,TGA	no	0.1369	0.1121	0.5553
Blepharisma stoltei	TAA,TAG	no	0.2185	0.2249	0.5224
Obscuromonas volfi	TAA,TAG,TGA	no	0.083	0.154	0.8691
Spironucleus salmonicida	TGA	no	1.0396	1.159	1.09
Tetrahymena thermophila	TGA	no	1.1686	1.3167	1.0969
Paramecium tetraurelia	TGA	no	0.9816	0.8355	1.4482
Entamoeba histolytica	TAA,TAG,TGA	no	0.3737	0.4768	0.3845
Euplotes focardii	TAA,TAG	no	0.1406	0.2687	0.6672
Oxytricha trifallax	TGA	no	1.0443	1.0063	1.3884
Metadinium minorum	TAA,TAG,TGA	no	0.1847	0.3569	0.2671
Stylonychia lemnae	TGA	no	0.9601	1.1099	1.2444
Amoeboaphelidium protococcarum X5	TGA	no	0.8128	0.9633	0.9649
Arabidopsis thaliana	TAA,TAG,TGA	no	0.2848	0.1821	0.4987
Spironucleus salmonicida	TGA	no	0.9496	1.0134	0.9442
Bathycoccus prasinos	TAA,TAG,TGA	no	0.2748	0.0598	0.3021
Amoeboaphelidium protococcarum X5	TGA	no	0.8886	0.9688	1.1705
Micromonas commoda RCC299	TAA,TAG,TGA	no	0.5826	0.1561	1.0038
Blepharisma stoltei	TAA,TAG	no	0.1752	0.1969	0.4866
Drosophila melanogaster	TAA,TAG,TGA	no	0.3391	0.3375	0.6204
Perkinsus marinus	TAA,TAG,TGA	no	0.1408	0.1989	0.3672
Toxoplasma gondii ME49	TAA,TAG,TGA	no	0.0837	0.0714	0.6642
Acetabularia acetabulum	TGA	no	0.1968	0.1312	0.9691
Eremoplastron rostratum	TAA,TAG,TGA	no	0.2007	0.4041	0.2706
Diplodinium dentatum	TAA,TAG,TGA	no	0.3256	0.5299	0.386
Entamoeba histolytica	TAA,TAG,TGA	no	0.4252	0.5351	0.3961
Phaeodactylum tricornutum	TAA,TAG,TGA	no	0.109	0.1152	0.2506
Metadinium minorum	TAA,TAG,TGA	no	0.2007	0.3709	0.3469
Emiliania huxleyi	TAA,TAG,TGA	no	0.259	0.5922	1.0644
Bathycoccus prasinos	TAA,TAG,TGA	no	0.3707	0.1245	0.3346
Obscuromonas volfi	TAA,TAG,TGA	no	0.3963	0.2308	0.8756
Euplotes focardii	TAA,TAG	no	0.2022	0.3658	0.659
Aspergillus nidulans FGSC A4	TAA,TAG,TGA	no	0.202	0.1636	0.4807
Emiliania huxleyi	TAA,TAG,TGA	no	0.8772	0.5746	1.0817
Bathycoccus prasinos	TAA,TAG,TGA	no	0.2554	0.0546	0.2304
Entamoeba histolytica	TAA,TAG,TGA	no	0.3831	0.4859	0.3877
Spironucleus salmonicida	TGA	no	1.0251	0.9461	0.9908
Amoeboaphelidium protococcarum X5	TGA	no	0.8945	0.9173	1.0012
Tetrahymena thermophila	TGA	no	1.2139	1.2561	1.3151
Diplodinium dentatum	TAA,TAG,TGA	no	0.3089	0.5245	0.3642
Blepharisma stoltei	TAA,TAG	no	0.192	0.1941	0.5042
Spironucleus salmonicida	TGA	no	1.0377	1.2224	1.0563
Acetabularia acetabulum	TGA	no	0.2057	0.1378	1.0033
Thalassiosira pseudonana	TAA,TAG,TGA	no	0.1672	0.1201	0.3408
Saccharomyces cerevisiae S288C	TAA,TAG,TGA	no	0.1076	0.0935	0.2184
Encephalitozoon cuniculi	TAA,TAG,TGA	no	0.1854	0.2364	0.321
Arabidopsis thaliana	TAA,TAG,TGA	no	0.3442	0.2549	0.5061
Cryptosporidium parvum	TAA,TAG,TGA	no	0.1778	0.2417	0.2816
Spironucleus salmonicida	TGA	no	1.0442	1.1449	1.0453
Arabidopsis thaliana	TAA,TAG,TGA	no	0.2979	0.2416	0.5386
Enoploplastron triloricatum	TAA,TAG,TGA	no	0.23	0.4515	0.3141
Amoeboaphelidium protococcarum FD95	TGA	no	0.7995	0.9426	1.0095
Spironucleus salmonicida	TGA	no	1.0057	0.8967	1.188
Amoeboaphelidium occidentale	TAA,TAG,TGA	no	0.1446	0.1149	0.2539
Paramecium tetraurelia	TGA	no	0.9984	0.8493	1.4679
Chlamydomonas reinhardtii	TAA,TAG,TGA	no	0.5339	0.3617	1.0102
Eremoplastron rostratum	TAA,TAG,TGA	no	0.1942	0.365	0.3226
Thalassiosira pseudonana	TAA,TAG,TGA	no	0.0793	0.0778	0.3185
Phaeodactylum tricornutum	TAA,TAG,TGA	no	0.4288	0.3877	0.4353
Obscuromonas oborniki	TAA,TAG,TGA	no	0.1313	0.119	0.5125
Acetabularia acetabulum	TGA	no	0.1901	0.1099	0.9903
Acetabularia acetabulum	TGA	no	0.1893	0.1263	0.9764
Ostreococcus tauri	TAA,TAG,TGA	no	0.2236	0.0728	0.6253
Paramecium tetraurelia	TGA	no	0.9954	0.7177	1.1157
Spironucleus salmonicida	TGA	no	0.9973	1.0871	1.1252
Paramecium tetraurelia	TGA	no	1.0043	0.8491	1.25
Saccharomyces cerevisiae S288C	TAA,TAG,TGA	no	0.1237	0.0965	0.2125
Oxytricha trifallax	TGA	no	1.0341	0.9948	1.2888
Blepharisma stoltei	TAA,TAG	no	0.2823	0.3842	0.4577
Aspergillus nidulans FGSC A4	TAA,TAG,TGA	no	0.3339	0.2841	0.5852
Enoploplastron triloricatum	TAA,TAG,TGA	no	0.2168	0.3905	0.3089
Oxytricha trifallax	TGA	no	1.0355	0.9963	1.2252
Paramecium tetraurelia	TGA	no	0.8576	0.7272	0.5623
Saccharomyces cerevisiae S288C	TAA,TAG,TGA	no	0.1228	0.1102	0.233
Ostreococcus tauri	TAA,TAG,TGA	no	0.2164	0.0665	0.6154
Obscuromonas volfi	TAA,TAG,TGA	no	0.1024	0.1441	0.83
Drosophila melanogaster	TAA,TAG,TGA	no	0.252	0.1941	0.6362
Chlamydomonas reinhardtii	TAA,TAG,TGA	no	0.7199	0.4118	1.0443
Emiliania huxleyi	TAA,TAG,TGA	no	0.3913	0.523	1.1696
Amoeboaphelidium protococcarum X5	TGA	no	0.9161	0.9958	1.4343
Oxytricha trifallax	TGA	no	1.0279	0.9813	1.3751
Caenorhabditis elegans	TAA,TAG,TGA	no	0.5974	0.4759	0.9618
Blepharisma stoltei	TAA,TAG	no	0.2047	0.1916	0.4887
Paramecium tetraurelia	TGA	no	0.9422	0.804	0.7134
Tetrahymena thermophila	TGA	no	1.139	1.1266	0.928
Diplodinium dentatum	TAA,TAG,TGA	no	0.3142	0.5171	0.38
Obscuromonas volfi	TAA,TAG,TGA	no	0.4797	0.2674	0.8885
Stylonychia lemnae	TGA	no	0.9724	1.1484	1.4055
Blepharisma stoltei	TAA,TAG	no	0.2279	0.2616	0.4804
Enoploplastron triloricatum	TAA,TAG,TGA	no	0.2178	0.3862	0.2909
Ostreococcus tauri	TAA,TAG,TGA	no	0.2189	0.0611	0.5514
Blepharisma stoltei	TAA,TAG	no	0.1912	0.2283	0.4904
Diplodinium dentatum	TAA,TAG,TGA	no	0.3137	0.526	0.3449
Paramecium tetraurelia	TGA	no	0.9976	0.8425	1.4147
Obscuromonas oborniki	TAA,TAG,TGA	no	0.1634	0.1164	0.5867
Acetabularia acetabulum	TGA	no	0.2124	0.1327	0.9613
Obscuromonas volfi	TAA,TAG,TGA	no	0.0843	0.1371	0.8266
Tetrahymena thermophila	TGA	no	1.1508	1.2638	0.7251
Saccharomyces cerevisiae S288C	TAA,TAG,TGA	no	0.1595	0.1135	0.2326
Metadinium minorum	TAA,TAG,TGA	no	0.192	0.3712	0.2509
Amoeboaphelidium protococcarum X5	TGA	no	0.9277	0.9885	1.3427
Entamoeba histolytica	TAA,TAG,TGA	no	0.3563	0.4602	0.3794
Paramecium tetraurelia	TGA	no	0.8816	0.7962	0.5103
Acetabularia acetabulum	TGA	no	0.1703	0.1547	0.9458
Phaeodactylum tricornutum	TAA,TAG,TGA	no	0.1116	0.1028	0.2474
Obscuromonas oborniki	TAA,TAG,TGA	no	0.2199	0.1346	0.6418
Epidinium cattanei	TAA,TAG,TGA	no	0.2228	0.3209	0.3274
Amoeboaphelidium occidentale	TAA,TAG,TGA	no	0.1065	0.0813	0.2363
Spironucleus salmonicida	TGA	no	0.9993	1.0958	0.9844
Amoeboaphelidium occidentale	TAA,TAG,TGA	no	0.1038	0.0888	0.2379
Blepharisma stoltei	TAA,TAG	no	0.2461	0.2293	0.511
Spironucleus salmonicida	TGA	no	1.0326	1.1268	1.0396
Spironucleus salmonicida	TGA	no	0.9985	1.2261	1.0372
Obscuromonas oborniki	TAA,TAG,TGA	no	0.1632	0.1155	0.5578
Amoeboaphelidium protococcarum X5	TGA	no	0.9254	0.9884	1.3723
Thalassiosira pseudonana	TAA,TAG,TGA	no	0.0768	0.0746	0.2992
Arabidopsis thaliana	TAA,TAG,TGA	no	0.3055	0.1863	0.5244
Amoeboaphelidium protococcarum X5	TGA	no	0.7954	0.9116	0.7993
Amoeboaphelidium protococcarum FD95	TGA	no	0.9299	1.0033	1.3438
Amoeboaphelidium protococcarum X5	TGA	no	0.842	0.88	0.8706
Euplotes focardii	TAA,TAG	no	0.1636	0.2548	0.7023
Naegleria gruberi	TAA,TAG,TGA	no	0.1399	0.1301	0.4882
Saccharomyces cerevisiae S288C	TAA,TAG,TGA	no	0.1859	0.1257	0.2371
Fabrea salina	TAA,TAG,TGA	no	0.1331	0.1256	0.0898
Micromonas commoda RCC299	TAA,TAG,TGA	no	0.362	0.0952	0.9291
Oxytricha trifallax	TGA	no	0.9919	0.9579	0.6208
Tetrahymena thermophila	TGA	no	1.1372	1.1695	0.8383
Amoeboaphelidium protococcarum X5	TGA	no	0.7805	0.9511	0.8478
Fabrea salina	TAA,TAG,TGA	no	0.1526	0.1537	0.1666
Stylonychia lemnae	TGA	no	0.9636	1.0997	1.1797
Chlamydomonas reinhardtii	TAA,TAG,TGA	no	0.5836	0.3597	0.9807
Giardia duodenalis	TAA,TAG,TGA	no	0.0944	0.113	0.3159
Dictyostelium discoideum AX4	TAA,TAG,TGA	no	0.445	0.396	0.4678
Diplodinium dentatum	TAA,TAG,TGA	no	0.3273	0.5458	0.4016
Amoeboaphelidium protococcarum X5	TGA	no	0.8531	0.9147	0.9091
Blepharisma stoltei	TAA,TAG	no	0.2311	0.2806	0.5185
Dasytricha ruminantium	TAA,TAG,TGA	no	0.3625	0.4585	0.5339
Trypanosoma brucei TREU927	TAA,TAG,TGA	no	0.1603	0.0912	0.4148
Stylonychia lemnae	TGA	no	0.9517	1.1141	1.1273
Amoeboaphelidium protococcarum FD95	TGA	no	0.9457	1.0043	1.4035
Dasytricha ruminantium	TAA,TAG,TGA	no	0.3679	0.45	0.5197
Perkinsus marinus	TAA,TAG,TGA	no	0.1618	0.2421	0.4036
Bathycoccus prasinos	TAA,TAG,TGA	no	0.3714	0.1037	0.3107
Blepharisma stoltei	TAA,TAG	no	0.2309	0.2755	0.4853
Blepharisma stoltei	TAA,TAG	no	0.2458	0.2962	0.546
Amoeboaphelidium occidentale	TAA,TAG,TGA	no	0.0929	0.0802	0.2557
Candida albicans SC5314	TAA,TAG,TGA	no	0.1206	0.1582	0.3
Trypanosoma brucei TREU927	TAA,TAG,TGA	no	0.1731	0.0875	0.3756
Tetrahymena thermophila	TGA	no	1.1594	1.2026	1.171
Epidinium cattanei	TAA,TAG,TGA	no	0.1825	0.3135	0.2381
Oxytricha trifallax	TGA	no	1.0646	1.0328	1.4245
Amoeboaphelidium protococcarum FD95	TGA	no	0.928	0.9672	1.3015
Euplotes focardii	TAA,TAG	no	0.1671	0.2766	0.6961
Acetabularia acetabulum	TGA	no	0.2111	0.1285	0.988
Trypanosoma brucei TREU927	TAA,TAG,TGA	no	0.1773	0.0878	0.3858
Phaeodactylum tricornutum	TAA,TAG,TGA	no	0.0934	0.098	0.2386
Euplotes focardii	TAA,TAG	no	0.1656	0.2972	0.6464
Stylonychia lemnae	TGA	no	0.9283	1.016	0.7594
Perkinsus marinus	TAA,TAG,TGA	no	0.1383	0.1978	0.385
Paramecium tetraurelia	TGA	no	0.9569	0.7755	1.141
Caenorhabditis elegans	TAA,TAG,TGA	no	0.4336	0.3941	0.899
Stylonychia lemnae	TGA	no	0.9626	1.1169	1.4048
Amoeboaphelidium protococcarum X5	TGA	no	0.8944	0.9907	1.0722
Saccharomyces cerevisiae S288C	TAA,TAG,TGA	no	0.1127	0.1033	0.2292
Blepharisma stoltei	TAA,TAG	no	0.1975	0.2653	0.6848
Blepharisma stoltei	TAA,TAG	no	0.2378	0.3047	0.4789
Dasytricha ruminantium	TAA,TAG,TGA	no	0.385	0.4664	0.5936
Encephalitozoon cuniculi	TAA,TAG,TGA	no	0.3171	0.2677	0.3521
Toxoplasma gondii ME49	TAA,TAG,TGA	no	0.061	0.0563	0.5747
Amoeboaphelidium occidentale	TAA,TAG,TGA	no	0.1226	0.103	0.2792
Obscuromonas oborniki	TAA,TAG,TGA	no	0.1732	0.1075	0.5737
Polyplastron multivesiculatum	TAA,TAG,TGA	no	0.2069	0.4097	0.2858
Paramecium tetraurelia	TGA	no	1.0009	0.8427	1.3008
Paramecium tetraurelia	TGA	no	0.9824	0.8508	1.3778
Amoeboaphelidium protococcarum FD95	TGA	no	0.9205	0.9992	1.3634
Naegleria gruberi	TAA,TAG,TGA	no	0.2541	0.2122	0.3938
Spironucleus salmonicida	TGA	no	0.7735	1.0989	0.7857
Amoeboaphelidium protococcarum X5	TGA	no	0.9035	0.8659	1.1256
Amoeboaphelidium protococcarum X5	TGA	no	0.9206	0.9912	1.448
Dasytricha ruminantium	TAA,TAG,TGA	no	0.3697	0.439	0.5351
Aspergillus nidulans FGSC A4	TAA,TAG,TGA	no	0.281	0.2225	0.4421
Amoeboaphelidium protococcarum FD95	TGA	no	0.8593	0.9115	0.941
Toxoplasma gondii ME49	TAA,TAG,TGA	no	0.0394	0.0617	0.5636
Amoeboaphelidium protococcarum X5	TGA	no	0.909	0.9806	1.4095
Paramecium tetraurelia	TGA	no	0.9857	0.8471	1.375
Blepharisma stoltei	TAA,TAG	no	0.2285	0.2096	0.4779
Paramecium tetraurelia	TGA	no	0.9883	0.8123	0.986
Oxytricha trifallax	TGA	no	0.9527	0.9656	0.6645
Tetrahymena thermophila	TGA	no	1.1622	1.2381	1.4407
Oxytricha trifallax	TGA	no	1.0389	0.9939	1.3814
Epidinium cattanei	TAA,TAG,TGA	no	0.1746	0.2728	0.2965
Entamoeba histolytica	TAA,TAG,TGA	no	0.3801	0.5133	0.3917
Toxoplasma gondii ME49	TAA,TAG,TGA	no	0.0672	0.0651	0.6041
Diplodinium dentatum	TAA,TAG,TGA	no	0.3136	0.5159	0.3778
Paramecium tetraurelia	TGA	no	1.0	0.8466	1.5071
Obscuromonas volfi	TAA,TAG,TGA	no	0.0969	0.1336	0.8256
Amoeboaphelidium protococcarum X5	TGA	no	0.9299	0.9833	1.2937
Oxytricha trifallax	TGA	no	1.0383	0.9847	1.1736
Acetabularia acetabulum	TGA	no	0.1916	0.1197	0.9831
Tetrahymena thermophila	TGA	no	1.1693	1.2454	1.2512
Trypanosoma brucei TREU927	TAA,TAG,TGA	no	0.1909	0.0976	0.3937
Saccharomyces cerevisiae S288C	TAA,TAG,TGA	no	0.1789	0.1073	0.2347
Saccharomyces cerevisiae S288C	TAA,TAG,TGA	no	0.1199	0.1026	0.2369
Caenorhabditis elegans	TAA,TAG,TGA	no	0.5433	0.5807	0.8601
Polyplastron multivesiculatum	TAA,TAG,TGA	no	0.2313	0.4613	0.283
Epidinium cattanei	TAA,TAG,TGA	no	0.1885	0.311	0.3067
Trypanosoma brucei TREU927	TAA,TAG,TGA	no	0.1607	0.0972	0.4308
Tetrahymena thermophila	TGA	no	1.1872	1.0903	1.1933
Blepharisma stoltei	TAA,TAG	no	0.3165	0.3646	0.5895
Amoeboaphelidium protococcarum FD95	TGA	no	0.9334	0.9688	1.1354
Obscuromonas oborniki	TAA,TAG,TGA	no	0.1655	0.1086	0.5721
Obscuromonas volfi	TAA,TAG,TGA	no	0.109	0.1375	0.8312
Drosophila melanogaster	TAA,TAG,TGA	no	0.2537	0.1772	0.6984
Bathycoccus prasinos	TAA,TAG,TGA	no	0.2824	0.0608	0.2365
Amoeboaphelidium protococcarum FD95	TGA	no	0.9317	0.9767	1.4327
Diplodinium dentatum	TAA,TAG,TGA	no	0.3251	0.5392	0.3937
Polyplastron multivesiculatum	TAA,TAG,TGA	no	0.2356	0.492	0.3462
Polyplastron multivesiculatum	TAA,TAG,TGA	no	0.2243	0.4386	0.2855
Blepharisma stoltei	TAA,TAG	no	0.3128	0.3379	0.4957
Amoeboaphelidium protococcarum X5	TGA	no	0.7657	0.9571	0.9213
Stylonychia lemnae	TGA	no	0.9596	1.1205	1.3429
Spironucleus salmonicida	TGA	no	1.0426	1.26	1.0438
Acetabularia acetabulum	TGA	no	0.2017	0.1192	0.9962
Emiliania huxleyi	TAA,TAG,TGA	no	0.7874	0.4983	1.0852
Emiliania huxleyi	TAA,TAG,TGA	no	0.8211	0.4825	1.0904
Caenorhabditis elegans	TAA,TAG,TGA	no	0.429	0.4632	0.8396
Dasytricha ruminantium	TAA,TAG,TGA	no	0.3673	0.4534	0.477
Polyplastron multivesiculatum	TAA,TAG,TGA	no	0.2167	0.4253	0.2896
Ostreococcus tauri	TAA,TAG,TGA	no	0.1932	0.0682	0.5696
Euplotes focardii	TAA,TAG	no	0.1519	0.2571	0.7064
Fabrea salina	TAA,TAG,TGA	no	0.136	0.1304	0.0925
Chlamydomonas reinhardtii	TAA,TAG,TGA	no	0.2916	0.2379	0.9272
Euplotes focardii	TAA,TAG	no	0.1848	0.3241	0.5955
Obscuromonas oborniki	TAA,TAG,TGA	no	0.224	0.1476	0.6036
Diplodinium dentatum	TAA,TAG,TGA	no	0.3348	0.5491	0.3755
Stylonychia lemnae	TGA	no	0.9205	1.0434	0.7437
Amoeboaphelidium occidentale	TAA,TAG,TGA	no	0.1	0.0847	0.2496
Paramecium tetraurelia	TGA	no	0.9676	0.8375	1.311
Amoeboaphelidium protococcarum X5	TGA	no	0.9189	0.9649	1.1555
Spironucleus salmonicida	TGA	no	1.0173	0.9953	1.0096
Spironucleus salmonicida	TGA	no	1.0325	1.3231	1.0863
Euplotes focardii	TAA,TAG	no	0.192	0.2718	0.683
Oxytricha trifallax	TGA	no	1.0494	1.0072	1.3655
Arabidopsis thaliana	TAA,TAG,TGA	no	0.3742	0.2012	0.4982
Amoeboaphelidium protococcarum FD95	TGA	no	0.8156	0.945	0.9834
Saccharomyces cerevisiae S288C	TAA,TAG,TGA	no	0.1529	0.1032	0.227
Obscuromonas oborniki	TAA,TAG,TGA	no	0.3065	0.224	0.6766
Diplodinium dentatum	TAA,TAG,TGA	no	0.3168	0.5215	0.3785
Amoeboaphelidium protococcarum X5	TGA	no	0.736	0.8909	0.6487
Diplodinium dentatum	TAA,TAG,TGA	no	0.3064	0.5059	0.3678
Polyplastron multivesiculatum	TAA,TAG,TGA	no	0.2035	0.406	0.2808
Saccharomyces cerevisiae S288C	TAA,TAG,TGA	no	0.117	0.1014	0.2225
Dasytricha ruminantium	TAA,TAG,TGA	no	0.3323	0.3775	0.5181
Drosophila melanogaster	TAA,TAG,TGA	no	0.2266	0.1526	0.6133
Bathycoccus prasinos	TAA,TAG,TGA	no	0.2662	0.0585	0.2399
Amoeboaphelidium protococcarum X5	TGA	no	0.9138	0.9956	1.2871
Blepharisma stoltei	TAA,TAG	no	0.2367	0.2738	0.4739
Candida albicans SC5314	TAA,TAG,TGA	no	0.1171	0.1662	0.2974
Paramecium tetraurelia	TGA	no	0.9076	0.7764	0.6206
Enoploplastron triloricatum	TAA,TAG,TGA	no	0.2139	0.3825	0.2947
Chlamydomonas reinhardtii	TAA,TAG,TGA	no	0.8791	0.561	1.0566
Oxytricha trifallax	TGA	no	1.0423	0.9926	1.1484
Stylonychia lemnae	TGA	no	0.9754	1.1225	1.2582
Oxytricha trifallax	TGA	no	1.0426	1.0012	1.2765
Dictyostelium discoideum AX4	TAA,TAG,TGA	no	0.4174	0.3496	0.5929
Amoeboaphelidium protococcarum X5	TGA	no	0.9044	0.9909	1.2705
Encephalitozoon cuniculi	TAA,TAG,TGA	no	0.3367	0.2721	0.4201
Stylonychia lemnae	TGA	no	0.8461	0.9131	0.4984
Dictyostelium discoideum AX4	TAA,TAG,TGA	no	0.4134	0.3577	0.478
Amoeboaphelidium protococcarum FD95	TGA	no	0.8892	0.9512	1.1314
Obscuromonas volfi	TAA,TAG,TGA	no	0.4474	0.201	0.8249
Euplotes focardii	TAA,TAG	no	0.1595	0.2896	0.6978
Polyplastron multivesiculatum	TAA,TAG,TGA	no	0.2122	0.4069	0.2855
Tetrahymena thermophila	TGA	no	1.1201	1.1509	0.7263
Bathycoccus prasinos	TAA,TAG,TGA	no	0.2627	0.0603	0.282
Tetrahymena thermophila	TGA	no	1.1583	1.2156	1.3876
Spironucleus salmonicida	TGA	no	1.0728	1.0804	1.1055
Polyplastron multivesiculatum	TAA,TAG,TGA	no	0.2253	0.4602	0.3272
Amoeboaphelidium occidentale	TAA,TAG,TGA	no	0.0956	0.0797	0.2551
Fabrea salina	TAA,TAG,TGA	no	0.1526	0.1476	0.1211
Stylonychia lemnae	TGA	no	0.973	1.1457	1.3716
Paramecium tetraurelia	TGA	no	0.9963	0.835	1.0438
Eremoplastron rostratum	TAA,TAG,TGA	no	0.199	0.3669	0.2757
Paramecium tetraurelia	TGA	no	0.9709	0.8352	1.1821
Dasytricha ruminantium	TAA,TAG,TGA	no	0.3915	0.4548	0.5759
Stylonychia lemnae	TGA	no	0.9655	1.0755	0.9695
Paramecium tetraurelia	TGA	no	0.9782	0.814	1.4807
Spironucleus salmonicida	TGA	no	0.9882	1.5087	1.1076
Blepharisma stoltei	TAA,TAG	no	0.2224	0.2363	0.4727
Perkinsus marinus	TAA,TAG,TGA	no	0.1443	0.2242	0.4743
Tetrahymena thermophila	TGA	no	1.1706	1.2223	1.2596
Encephalitozoon cuniculi	TAA,TAG,TGA	no	0.1822	0.2451	0.2901
Tetrahymena thermophila	TGA	no	1.1809	1.2215	1.2997
Stylonychia lemnae	TGA	no	0.94	1.0312	0.9429
Tetrahymena thermophila	TGA	no	1.1589	1.2193	1.4605
Ostreococcus tauri	TAA,TAG,TGA	no	0.2172	0.0626	0.6153
Amoeboaphelidium protococcarum FD95	TGA	no	0.9126	0.9232	1.18
Amoeboaphelidium protococcarum X5	TGA	no	0.9212	0.9872	1.3822
Spironucleus salmonicida	TGA	no	1.0843	1.1357	1.1057
Acetabularia acetabulum	TGA	no	0.2274	0.1318	0.9889
Stylonychia lemnae	TGA	no	0.9607	1.1268	1.433
Bathycoccus prasinos	TAA,TAG,TGA	no	0.2491	0.0497	0.2461
Dictyostelium discoideum AX4	TAA,TAG,TGA	no	0.4354	0.3686	0.4671
Paramecium tetraurelia	TGA	no	0.8094	0.7565	0.4959
Micromonas commoda RCC299	TAA,TAG,TGA	no	0.3484	0.0957	0.9076
Blepharisma stoltei	TAA,TAG	no	0.2465	0.2783	0.4938
Tetrahymena thermophila	TGA	no	1.1682	1.2096	1.259
Trypanosoma brucei TREU927	TAA,TAG,TGA	no	0.2349	0.1498	0.3645
Stylonychia lemnae	TGA	no	0.8231	1.0441	0.4616
Trypanosoma brucei TREU927	TAA,TAG,TGA	no	0.1751	0.0929	0.4041
Amoeboaphelidium protococcarum FD95	TGA	no	0.9347	0.9933	1.4037
Phaeodactylum tricornutum	TAA,TAG,TGA	no	0.161	0.1272	0.2822
Fabrea salina	TAA,TAG,TGA	no	0.1811	0.215	0.1263
Cryptosporidium parvum	TAA,TAG,TGA	no	0.2018	0.2355	0.3021
Naegleria gruberi	TAA,TAG,TGA	no	0.1386	0.1208	0.3708
Cryptosporidium parvum	TAA,TAG,TGA	no	0.1909	0.2313	0.2712
Ostreococcus tauri	TAA,TAG,TGA	no	0.2208	0.0626	0.6185
Trypanosoma brucei TREU927	TAA,TAG,TGA	no	0.2068	0.1122	0.3676
Drosophila melanogaster	TAA,TAG,TGA	no	0.2513	0.1821	0.6152
Chlamydomonas reinhardtii	TAA,TAG,TGA	no	0.3263	0.3784	0.8913
Diplodinium dentatum	TAA,TAG,TGA	no	0.3184	0.5115	0.3803
Micromonas commoda RCC299	TAA,TAG,TGA	no	0.3843	0.0952	0.9226
Emiliania huxleyi	TAA,TAG,TGA	no	0.3218	0.453	1.0772
Oxytricha trifallax	TGA	no	1.0373	0.9904	1.4392
Paramecium tetraurelia	TGA	no	0.9681	0.7792	1.1894
Caenorhabditis elegans	TAA,TAG,TGA	no	0.3156	0.8725	0.7055
Phaeodactylum tricornutum	TAA,TAG,TGA	no	0.1102	0.1237	0.2607
Paramecium tetraurelia	TGA	no	1.0007	0.8465	1.4358
Trypanosoma brucei TREU927	TAA,TAG,TGA	no	0.2502	0.1737	0.3304
Candida albicans SC5314	TAA,TAG,TGA	no	0.1168	0.1617	0.2902
Tetrahymena thermophila	TGA	no	1.0249	1.0089	0.7332
Toxoplasma gondii ME49	TAA,TAG,TGA	no	0.0624	0.0636	0.5747
Tetrahymena thermophila	TGA	no	1.1682	1.207	1.2349
Giardia duodenalis	TAA,TAG,TGA	no	0.2163	0.1672	0.3888
Aspergillus nidulans FGSC A4	TAA,TAG,TGA	no	0.3315	0.2844	0.4637
Candida albicans SC5314	TAA,TAG,TGA	no	0.2453	0.2788	0.287
Ostreococcus tauri	TAA,TAG,TGA	no	0.2383	0.0734	0.8324
Eremoplastron rostratum	TAA,TAG,TGA	no	0.1853	0.3494	0.2834
Amoeboaphelidium protococcarum FD95	TGA	no	0.6446	0.9096	0.7224
Caenorhabditis elegans	TAA,TAG,TGA	no	0.4828	0.7523	0.8102
Oxytricha trifallax	TGA	no	1.0131	0.9961	0.9303
Tetrahymena thermophila	TGA	no	1.1599	1.1363	1.1151
Oxytricha trifallax	TGA	no	1.042	1.0013	1.3025
Arabidopsis thaliana	TAA,TAG,TGA	no	0.661	0.4667	0.5721
Euplotes focardii	TAA,TAG	no	0.1225	0.2357	0.6335
Saccharomyces cerevisiae S288C	TAA,TAG,TGA	no	0.1021	0.0942	0.2312
Micromonas commoda RCC299	TAA,TAG,TGA	no	0.3063	0.0944	0.8673
Acetabularia acetabulum	TGA	no	0.2031	0.1226	0.9622
Stylonychia lemnae	TGA	no	0.8965	1.0199	0.687
Paramecium tetraurelia	TGA	no	0.933	0.7591	0.7157
Acetabularia acetabulum	TGA	no	0.2054	0.1255	1.0032
Acetabularia acetabulum	TGA	no	0.2332	0.1335	1.0514
Epidinium cattanei	TAA,TAG,TGA	no	0.179	0.2667	0.2565
Eremoplastron rostratum	TAA,TAG,TGA	no	0.2075	0.3935	0.353
Amoeboaphelidium occidentale	TAA,TAG,TGA	no	0.0971	0.0785	0.2499
Stylonychia lemnae	TGA	no	0.9669	1.1184	1.4231
Dasytricha ruminantium	TAA,TAG,TGA	no	0.3684	0.4702	0.5488
Amoeboaphelidium protococcarum X5	TGA	no	0.9359	0.9989	1.4689
Perkinsus marinus	TAA,TAG,TGA	no	0.14	0.1946	0.4035
Spironucleus salmonicida	TGA	no	0.9909	1.2234	1.0319
Emiliania huxleyi	TAA,TAG,TGA	no	0.6567	0.4096	1.0921
Amoeboaphelidium protococcarum X5	TGA	no	0.9308	0.998	1.3456
Polyplastron multivesiculatum	TAA,TAG,TGA	no	0.1987	0.3971	0.2858
Stylonychia lemnae	TGA	no	0.9251	1.0138	0.7048
Blepharisma stoltei	TAA,TAG	no	0.2389	0.2575	0.4699
Fabrea salina	TAA,TAG,TGA	no	0.1369	0.147	0.1124
Emiliania huxleyi	TAA,TAG,TGA	no	0.3467	0.289	1.1082
Tetrahymena thermophila	TGA	no	1.1685	1.1916	1.3404
Perkinsus marinus	TAA,TAG,TGA	no	0.1463	0.2032	0.3987
Entamoeba histolytica	TAA,TAG,TGA	no	0.3676	0.4709	0.3823
Stylonychia lemnae	TGA	no	0.9555	1.1246	1.4604
Acetabularia acetabulum	TGA	no	0.2553	0.1539	0.9524
Entamoeba histolytica	TAA,TAG,TGA	no	0.4443	0.6112	0.386
Diplodinium dentatum	TAA,TAG,TGA	no	0.3183	0.5124	0.3788
Amoeboaphelidium occidentale	TAA,TAG,TGA	no	0.0982	0.0827	0.2453
Metadinium minorum	TAA,TAG,TGA	no	0.2211	0.4011	0.2437
Stylonychia lemnae	TGA	no	0.965	1.1318	1.0293
Amoeboaphelidium protococcarum X5	TGA	no	0.8226	0.9685	1.0344
Naegleria gruberi	TAA,TAG,TGA	no	0.2321	0.3327	0.4077
Bathycoccus prasinos	TAA,TAG,TGA	no	0.2595	0.0545	0.242
Amoeboaphelidium protococcarum X5	TGA	no	0.9211	0.9928	1.3592
Acetabularia acetabulum	TGA	no	0.1678	0.1105	0.7826
Oxytricha trifallax	TGA	no	1.0256	0.9688	1.3401
Metadinium minorum	TAA,TAG,TGA	no	0.2078	0.4362	0.2914
Chlamydomonas reinhardtii	TAA,TAG,TGA	no	0.3011	0.284	1.0277
Naegleria gruberi	TAA,TAG,TGA	no	0.1437	0.1215	0.3749
Spironucleus salmonicida	TGA	no	1.0275	1.3177	1.1679
Fabrea salina	TAA,TAG,TGA	no	0.1369	0.1405	0.1302
Cryptosporidium parvum	TAA,TAG,TGA	no	0.2199	0.2336	0.2786
Candida albicans SC5314	TAA,TAG,TGA	no	0.1757	0.1925	0.3156
Ostreococcus tauri	TAA,TAG,TGA	no	0.43	0.1272	0.8322
Oxytricha trifallax	TGA	no	1.0453	0.8966	1.1036
Tetrahymena thermophila	TGA	no	1.175	1.2107	1.3926
Amoeboaphelidium protococcarum X5	TGA	no	0.9282	0.9806	1.3593
Blepharisma stoltei	TAA,TAG	no	0.2465	0.281	0.4921
Amoeboaphelidium protococcarum FD95	TGA	no	0.9185	0.9724	1.3696
Paramecium tetraurelia	TGA	no	0.6531	0.7232	0.3714
Amoeboaphelidium protococcarum X5	TGA	no	0.9223	0.9252	1.1873
Amoeboaphelidium protococcarum X5	TGA	no	0.8571	0.9692	1.0693
Blepharisma stoltei	TAA,TAG	no	0.2576	0.2914	0.4923
Eremoplastron rostratum	TAA,TAG,TGA	no	0.1796	0.3556	0.3282
Enoploplastron triloricatum	TAA,TAG,TGA	no	0.2065	0.3748	0.299
Trypanosoma brucei TREU927	TAA,TAG,TGA	no	0.1586	0.0851	0.409
Amoeboaphelidium protococcarum FD95	TGA	no	0.9236	1.001	1.3462
Spironucleus salmonicida	TGA	no	0.8835	1.272	0.8741
Tetrahymena thermophila	TGA	no	1.1466	1.1563	0.7824
Saccharomyces cerevisiae S288C	TAA,TAG,TGA	no	0.1293	0.0992	0.2326
Candida albicans SC5314	TAA,TAG,TGA	no	0.1263	0.1702	0.3184
Tetrahymena thermophila	TGA	no	1.1629	1.0965	1.0937
Euplotes focardii	TAA,TAG	no	0.2031	0.3197	0.7223
Blepharisma stoltei	TAA,TAG	no	0.2299	0.2651	0.4873
Eremoplastron rostratum	TAA,TAG,TGA	no	0.2194	0.3694	0.3654
Amoeboaphelidium protococcarum FD95	TGA	no	0.9086	0.9866	1.2292
Blepharisma stoltei	TAA,TAG	no	0.2094	0.2126	0.4611
Encephalitozoon cuniculi	TAA,TAG,TGA	no	0.1832	0.2379	0.243
Stylonychia lemnae	TGA	no	0.9662	1.1234	1.4683
Emiliania huxleyi	TAA,TAG,TGA	no	0.3015	0.441	1.235
Phaeodactylum tricornutum	TAA,TAG,TGA	no	0.1149	0.1162	0.2681
Dictyostelium discoideum AX4	TAA,TAG,TGA	no	0.4214	0.3739	0.4607
Fabrea salina	TAA,TAG,TGA	no	0.1658	0.1811	0.1378
Micromonas commoda RCC299	TAA,TAG,TGA	no	0.3548	0.092	0.9607
Trypanosoma brucei TREU927	TAA,TAG,TGA	no	0.1336	0.084	0.3939
Euplotes focardii	TAA,TAG	no	0.1653	0.2241	0.8181
Amoeboaphelidium protococcarum FD95	TGA	no	0.9133	0.9659	1.2176
Ostreococcus tauri	TAA,TAG,TGA	no	0.2325	0.061	0.623
Giardia duodenalis	TAA,TAG,TGA	no	0.0827	0.1025	0.3873
Epidinium cattanei	TAA,TAG,TGA	no	0.1704	0.2519	0.4079
Ostreococcus tauri	TAA,TAG,TGA	no	0.2462	0.076	0.8281
Fabrea salina	TAA,TAG,TGA	no	0.1393	0.1544	0.125
Micromonas commoda RCC299	TAA,TAG,TGA	no	0.3638	0.0973	0.9375
Candida albicans SC5314	TAA,TAG,TGA	no	0.1187	0.1616	0.2864
Drosophila melanogaster	TAA,TAG,TGA	no	0.248	0.1889	0.5642
Spironucleus salmonicida	TGA	no	0.9936	1.4319	1.0476
Euplotes focardii	TAA,TAG	no	0.17	0.2825	0.7
Amoeboaphelidium protococcarum FD95	TGA	no	0.836	0.9633	1.026
Micromonas commoda RCC299	TAA,TAG,TGA	no	0.3479	0.0999	0.9455
Toxoplasma gondii ME49	TAA,TAG,TGA	no	0.0687	0.0534	0.5836
Tetrahymena thermophila	TGA	no	1.1379	1.174	0.6995
Candida albicans SC5314	TAA,TAG,TGA	no	0.1251	0.1666	0.2843
Metadinium minorum	TAA,TAG,TGA	no	0.1839	0.3427	0.2426
Oxytricha trifallax	TGA	no	1.0435	0.997	1.3085
Blepharisma stoltei	TAA,TAG	no	0.2949	0.4103	0.4778
Enoploplastron triloricatum	TAA,TAG,TGA	no	0.197	0.3721	0.3043
Naegleria gruberi	TAA,TAG,TGA	no	0.1407	0.1246	0.3566
Drosophila melanogaster	TAA,TAG,TGA	no	0.2274	0.1877	0.5802
Arabidopsis thaliana	TAA,TAG,TGA	no	0.7818	0.6144	0.6023
Blepharisma stoltei	TAA,TAG	no	0.2143	0.2451	0.5562
Stylonychia lemnae	TGA	no	0.912	1.064	1.0494
Phaeodactylum tricornutum	TAA,TAG,TGA	no	0.1014	0.1005	0.1894
Emiliania huxleyi	TAA,TAG,TGA	no	0.4197	0.4342	1.2106
Cryptosporidium parvum	TAA,TAG,TGA	no	0.1779	0.2101	0.2706
Polyplastron multivesiculatum	TAA,TAG,TGA	no	0.2078	0.4169	0.2838
Amoeboaphelidium protococcarum FD95	TGA	no	0.9025	0.9877	1.3702
Giardia duodenalis	TAA,TAG,TGA	no	0.1301	0.1224	0.3326
Acetabularia acetabulum	TGA	no	0.2072	0.1333	0.9707
Emiliania huxleyi	TAA,TAG,TGA	no	0.7179	0.4388	1.0813
Paramecium tetraurelia	TGA	no	0.9847	0.847	1.2972
Euplotes focardii	TAA,TAG	no	0.1686	0.3004	0.6424
Acetabularia acetabulum	TGA	no	0.1787	0.1271	0.9489
Amoeboaphelidium protococcarum FD95	TGA	no	0.938	1.0078	1.3099
Acetabularia acetabulum	TGA	no	0.2062	0.1258	0.9707
Amoeboaphelidium protococcarum FD95	TGA	no	0.9334	0.9868	1.3735
Emiliania huxleyi	TAA,TAG,TGA	no	0.3717	0.3362	1.0559
Amoeboaphelidium occidentale	TAA,TAG,TGA	no	0.1617	0.1091	0.2689
Blepharisma stoltei	TAA,TAG	no	0.1997	0.2726	0.4905
Diplodinium dentatum	TAA,TAG,TGA	no	0.3269	0.53	0.3825
Oxytricha trifallax	TGA	no	1.0192	0.8944	0.842
Amoeboaphelidium occidentale	TAA,TAG,TGA	no	0.1239	0.0966	0.2531
Fabrea salina	TAA,TAG,TGA	no	0.1404	0.1396	0.1182
Enoploplastron triloricatum	TAA,TAG,TGA	no	0.2365	0.4595	0.3294
Eremoplastron rostratum	TAA,TAG,TGA	no	0.253	0.4305	0.3403
Paramecium tetraurelia	TGA	no	0.9938	0.8801	1.5268
Paramecium tetraurelia	TGA	no	0.9925	0.843	1.4314
Amoeboaphelidium protococcarum FD95	TGA	no	0.9195	0.9746	1.1985
Amoeboaphelidium protococcarum X5	TGA	no	0.8878	0.9718	1.166
Dictyostelium discoideum AX4	TAA,TAG,TGA	no	0.4345	0.4113	0.4417
Acetabularia acetabulum	TGA	no	0.2056	0.1493	0.9349
Amoeboaphelidium protococcarum FD95	TGA	no	0.7591	0.9304	0.8746
Acetabularia acetabulum	TGA	no	0.2301	0.1221	1.0437
Oxytricha trifallax	TGA	no	0.9979	0.9624	0.7189
Stylonychia lemnae	TGA	no	0.9663	1.1131	1.359
Amoeboaphelidium occidentale	TAA,TAG,TGA	no	0.1059	0.0804	0.2544
Naegleria gruberi	TAA,TAG,TGA	no	0.1382	0.1092	0.3307
Euplotes focardii	TAA,TAG	no	0.1649	0.2606	0.7052
Oxytricha trifallax	TGA	no	1.0259	0.9805	1.233
Dasytricha ruminantium	TAA,TAG,TGA	no	0.3609	0.4394	0.4896
Euplotes focardii	TAA,TAG	no	0.1375	0.2666	0.6898
Arabidopsis thaliana	TAA,TAG,TGA	no	0.2876	0.1796	0.5198
Entamoeba histolytica	TAA,TAG,TGA	no	0.4216	0.5246	0.3778
Blepharisma stoltei	TAA,TAG	no	0.218	0.259	0.484
Thalassiosira pseudonana	TAA,TAG,TGA	no	0.0775	0.0751	0.3077
Paramecium tetraurelia	TGA	no	0.9993	0.8458	1.2589
Aspergillus nidulans FGSC A4	TAA,TAG,TGA	no	0.1732	0.1664	0.4481
Amoeboaphelidium protococcarum X5	TGA	no	0.8892	0.9495	1.1
Encephalitozoon cuniculi	TAA,TAG,TGA	no	0.1714	0.237	0.2797
Blepharisma stoltei	TAA,TAG	no	0.2106	0.2449	0.5083
Spironucleus salmonicida	TGA	no	1.0658	1.1648	1.1312
Euplotes focardii	TAA,TAG	no	0.1724	0.2941	0.6996
Stylonychia lemnae	TGA	no	0.9557	1.1084	1.4071
Tetrahymena thermophila	TGA	no	1.1587	1.1776	0.8119
Stylonychia lemnae	TGA	no	0.9658	1.1159	1.3976
Naegleria gruberi	TAA,TAG,TGA	no	0.2103	0.1925	0.3865
Blepharisma stoltei	TAA,TAG	no	0.2674	0.3455	0.4581
Thalassiosira pseudonana	TAA,TAG,TGA	no	0.0727	0.0742	0.3403
Oxytricha trifallax	TGA	no	1.0678	1.0163	1.2201
Amoeboaphelidium protococcarum X5	TGA	no	0.9267	0.9656	1.3417
Tetrahymena thermophila	TGA	no	1.1601	1.1231	1.1435
Micromonas commoda RCC299	TAA,TAG,TGA	no	0.3605	0.1007	0.9168
Polyplastron multivesiculatum	TAA,TAG,TGA	no	0.2176	0.4223	0.2868
Amoeboaphelidium protococcarum FD95	TGA	no	0.9433	0.9764	1.3544
Toxoplasma gondii ME49	TAA,TAG,TGA	no	0.0968	0.0929	0.5894
Tetrahymena thermophila	TGA	no	1.1476	1.2048	1.5562
Entamoeba histolytica	TAA,TAG,TGA	no	0.3851	0.487	0.3933
Amoeboaphelidium protococcarum X5	TGA	no	0.9299	0.9819	1.3983
Oxytricha trifallax	TGA	no	1.0273	0.975	1.4031
Saccharomyces cerevisiae S288C	TAA,TAG,TGA	no	0.102	0.0866	0.2291
Phaeodactylum tricornutum	TAA,TAG,TGA	no	0.111	0.1191	0.2555
Amoeboaphelidium protococcarum X5	TGA	no	0.9484	0.9754	1.3013
Amoeboaphelidium protococcarum X5	TGA	no	0.9268	0.9567	1.2723
Fabrea salina	TAA,TAG,TGA	no	0.1374	0.1397	0.1176
Euplotes focardii	TAA,TAG	no	0.1547	0.2883	0.6919
Encephalitozoon cuniculi	TAA,TAG,TGA	no	0.1792	0.2397	0.3193
Obscuromonas oborniki	TAA,TAG,TGA	no	0.1469	0.1201	0.6015
Thalassiosira pseudonana	TAA,TAG,TGA	no	0.0892	0.1012	0.3144
Euplotes focardii	TAA,TAG	no	0.1564	0.2567	0.6844
Perkinsus marinus	TAA,TAG,TGA	no	0.2569	0.2539	0.3515
Oxytricha trifallax	TGA	no	1.0135	0.9814	1.373
Encephalitozoon cuniculi	TAA,TAG,TGA	no	0.1764	0.2429	0.263
Dictyostelium discoideum AX4	TAA,TAG,TGA	no	0.4793	0.4297	0.4523
Epidinium cattanei	TAA,TAG,TGA	no	0.1731	0.2661	0.3765
Bathycoccus prasinos	TAA,TAG,TGA	no	0.2752	0.0585	0.2491
Ostreococcus tauri	TAA,TAG,TGA	no	0.2196	0.0611	0.5966
Spironucleus salmonicida	TGA	no	1.028	0.9007	0.9736
Amoeboaphelidium protococcarum FD95	TGA	no	0.9466	0.9967	1.448
Euplotes focardii	TAA,TAG	no	0.1377	0.1904	0.7595
Saccharomyces cerevisiae S288C	TAA,TAG,TGA	no	0.1269	0.0979	0.2347
Metadinium minorum	TAA,TAG,TGA	no	0.1976	0.3838	0.3
Naegleria gruberi	TAA,TAG,TGA	no	0.2433	0.2418	0.4
Stylonychia lemnae	TGA	no	0.9406	0.9459	1.1367
Oxytricha trifallax	TGA	no	1.0603	1.0369	1.2851
Oxytricha trifallax	TGA	no	1.0458	0.9846	1.3279
Diplodinium dentatum	TAA,TAG,TGA	no	0.3079	0.5116	0.4
Stylonychia lemnae	TGA	no	0.9644	1.1265	1.3236
Eremoplastron rostratum	TAA,TAG,TGA	no	0.1949	0.3589	0.2914
Acetabularia acetabulum	TGA	no	0.2051	0.1258	0.9667
Dasytricha ruminantium	TAA,TAG,TGA	no	0.3873	0.4706	0.5319
Micromonas commoda RCC299	TAA,TAG,TGA	no	0.5738	0.1668	1.0108
Encephalitozoon cuniculi	TAA,TAG,TGA	no	0.1837	0.243	0.2377
Obscuromonas volfi	TAA,TAG,TGA	no	0.0752	0.1284	0.8288
Spironucleus salmonicida	TGA	no	1.0528	0.9999	1.0427
Paramecium tetraurelia	TGA	no	1.0048	0.8778	1.1603
Dasytricha ruminantium	TAA,TAG,TGA	no	0.3725	0.454	0.4998
Euplotes focardii	TAA,TAG	no	0.1577	0.2645	0.678
Metadinium minorum	TAA,TAG,TGA	no	0.1874	0.3777	0.2611
Acetabularia acetabulum	TGA	no	0.2224	0.1364	0.97
Drosophila melanogaster	TAA,TAG,TGA	no	0.2083	0.1315	0.5872
Toxoplasma gondii ME49	TAA,TAG,TGA	no	0.3952	0.2396	0.6608
Candida albicans SC5314	TAA,TAG,TGA	no	0.1424	0.1789	0.3003
Enoploplastron triloricatum	TAA,TAG,TGA	no	0.2393	0.466	0.3449
Spironucleus salmonicida	TGA	no	1.0091	1.1439	1.0718
Entamoeba histolytica	TAA,TAG,TGA	no	0.3917	0.5421	0.4106
Amoeboaphelidium protococcarum X5	TGA	no	0.9434	0.9868	1.4103
Euplotes focardii	TAA,TAG	no	0.1672	0.2937	0.6709
Oxytricha trifallax	TGA	no	1.0166	0.9702	0.954
Spironucleus salmonicida	TGA	no	1.068	1.2344	1.0535
Stylonychia lemnae	TGA	no	0.9533	1.0796	1.6005
Chlamydomonas reinhardtii	TAA,TAG,TGA	no	0.3097	0.2934	0.9049
Caenorhabditis elegans	TAA,TAG,TGA	no	0.5239	0.7551	0.8656
Ostreococcus tauri	TAA,TAG,TGA	no	0.2228	0.0644	0.578
Caenorhabditis elegans	TAA,TAG,TGA	no	0.7268	0.8857	0.8905
Chlamydomonas reinhardtii	TAA,TAG,TGA	no	0.2513	0.2724	0.8857
Euplotes focardii	TAA,TAG	no	0.1433	0.2715	0.6967
Aspergillus nidulans FGSC A4	TAA,TAG,TGA	no	0.2278	0.2124	0.4347
Emiliania huxleyi	TAA,TAG,TGA	no	0.7924	0.5645	1.0537
Arabidopsis thaliana	TAA,TAG,TGA	no	0.3011	0.2049	0.4999
Drosophila melanogaster	TAA,TAG,TGA	no	0.4302	0.279	0.5778
Euplotes focardii	TAA,TAG	no	0.1561	0.2468	0.6767
Amoeboaphelidium protococcarum FD95	TGA	no	0.9314	0.9987	1.3655
Enoploplastron triloricatum	TAA,TAG,TGA	no	0.2088	0.3774	0.276
Stylonychia lemnae	TGA	no	0.9675	1.1379	1.3963
Chlamydomonas reinhardtii	TAA,TAG,TGA	no	0.3332	0.2697	0.8948
Dictyostelium discoideum AX4	TAA,TAG,TGA	no	0.4234	0.3643	0.4457
Spironucleus salmonicida	TGA	no	1.0383	1.1979	1.1601
Entamoeba histolytica	TAA,TAG,TGA	no	0.4224	0.5321	0.3972
Amoeboaphelidium protococcarum FD95	TGA	no	0.9321	0.9964	1.4056
Paramecium tetraurelia	TGA	no	0.993	0.8392	1.0988
Emiliania huxleyi	TAA,TAG,TGA	no	0.3631	0.3378	1.1651
Spironucleus salmonicida	TGA	no	1.0486	1.1661	1.044
Entamoeba histolytica	TAA,TAG,TGA	no	0.3798	0.4941	0.4165
Stylonychia lemnae	TGA	no	0.951	1.0792	1.0285
Arabidopsis thaliana	TAA,TAG,TGA	no	0.2602	0.1614	0.516
Dasytricha ruminantium	TAA,TAG,TGA	no	0.364	0.432	0.6698
Tetrahymena thermophila	TGA	no	1.1796	1.2193	1.2583
Diplodinium dentatum	TAA,TAG,TGA	no	0.3383	0.5324	0.4205
Stylonychia lemnae	TGA	no	0.9684	1.1193	1.2998
Arabidopsis thaliana	TAA,TAG,TGA	no	0.3089	0.2214	0.5642
Enoploplastron triloricatum	TAA,TAG,TGA	no	0.2107	0.3782	0.287
Oxytricha trifallax	TGA	no	1.0324	0.9316	1.1569
Chlamydomonas reinhardtii	TAA,TAG,TGA	no	0.2146	0.3753	0.9352
Entamoeba histolytica	TAA,TAG,TGA	no	0.3706	0.4756	0.371
Amoeboaphelidium protococcarum X5	TGA	no	0.9228	0.981	1.354
Paramecium tetraurelia	TGA	no	0.9989	0.8023	1.1401
Spironucleus salmonicida	TGA	no	0.7865	1.28	0.8842
Tetrahymena thermophila	TGA	no	1.1785	1.2053	1.0023
Acetabularia acetabulum	TGA	no	0.1904	0.1675	0.9385
Drosophila melanogaster	TAA,TAG,TGA	no	0.3721	0.248	0.6119
Tetrahymena thermophila	TGA	no	1.1671	1.1968	1.1535
Ostreococcus tauri	TAA,TAG,TGA	no	0.2171	0.0611	0.6531
Amoeboaphelidium protococcarum X5	TGA	no	0.9231	0.9857	1.3437
Metadinium minorum	TAA,TAG,TGA	no	0.224	0.3974	0.2794
Oxytricha trifallax	TGA	no	1.0519	1.0077	1.2263
Oxytricha trifallax	TGA	no	1.0389	0.9838	1.1305
Obscuromonas oborniki	TAA,TAG,TGA	no	0.3313	0.1602	0.665
Emiliania huxleyi	TAA,TAG,TGA	no	0.3461	0.369	1.0144
Acetabularia acetabulum	TGA	no	0.1858	0.1077	1.02
Naegleria gruberi	TAA,TAG,TGA	no	0.2729	0.2621	0.396
Blepharisma stoltei	TAA,TAG	no	0.242	0.2882	0.4373
Bathycoccus prasinos	TAA,TAG,TGA	no	0.2596	0.0572	0.2321
Saccharomyces cerevisiae S288C	TAA,TAG,TGA	no	0.2028	0.1162	0.2462
Paramecium tetraurelia	TGA	no	0.9911	0.8455	1.1983
Encephalitozoon cuniculi	TAA,TAG,TGA	no	0.1804	0.24	0.305
Amoeboaphelidium protococcarum X5	TGA	no	0.9209	0.986	1.2528
Amoeboaphelidium protococcarum X5	TGA	no	0.7723	0.9186	0.7988
Acetabularia acetabulum	TGA	no	0.2023	0.1205	0.9886
Oxytricha trifallax	TGA	no	1.0188	0.939	0.9156
Acetabularia acetabulum	TGA	no	0.2059	0.1231	1.007
Aspergillus nidulans FGSC A4	TAA,TAG,TGA	no	0.2826	0.2331	0.4343
Trypanosoma brucei TREU927	TAA,TAG,TGA	no	0.1814	0.082	0.4155
Candida albicans SC5314	TAA,TAG,TGA	no	0.1233	0.1771	0.2588
Tetrahymena thermophila	TGA	no	1.1583	1.2079	1.2715
Tetrahymena thermophila	TGA	no	1.1905	1.2059	1.1922
Amoeboaphelidium occidentale	TAA,TAG,TGA	no	0.105	0.0907	0.2391
Arabidopsis thaliana	TAA,TAG,TGA	no	0.5518	0.3653	0.5868
Stylonychia lemnae	TGA	no	0.9114	0.9606	0.8072
Euplotes focardii	TAA,TAG	no	0.2431	0.331	0.7443
Metadinium minorum	TAA,TAG,TGA	no	0.1922	0.364	0.2448
Candida albicans SC5314	TAA,TAG,TGA	no	0.1149	0.1381	0.2956
Naegleria gruberi	TAA,TAG,TGA	no	0.161	0.1244	0.3797
Drosophila melanogaster	TAA,TAG,TGA	no	0.3677	0.1977	0.5615
Giardia duodenalis	TAA,TAG,TGA	no	0.0843	0.0973	0.3063
Stylonychia lemnae	TGA	no	0.961	1.1454	1.4828
Entamoeba histolytica	TAA,TAG,TGA	no	0.3816	0.4865	0.3837
Obscuromonas volfi	TAA,TAG,TGA	no	0.0829	0.1354	0.8305
Micromonas commoda RCC299	TAA,TAG,TGA	no	0.3506	0.1039	0.9832
Amoeboaphelidium protococcarum FD95	TGA	no	0.9431	0.994	1.393
Amoeboaphelidium protococcarum FD95	TGA	no	0.8652	0.9687	1.1349
Emiliania huxleyi	TAA,TAG,TGA	no	0.6386	0.5499	1.0726
Stylonychia lemnae	TGA	no	0.9613	1.1248	1.4624
Oxytricha trifallax	TGA	no	1.0458	0.9704	1.0687
Oxytricha trifallax	TGA	no	1.0471	0.9907	1.3439
Euplotes focardii	TAA,TAG	no	0.169	0.3206	0.8431
Saccharomyces cerevisiae S288C	TAA,TAG,TGA	no	0.1346	0.1705	0.2322
Amoeboaphelidium protococcarum X5	TGA	no	0.9134	0.9744	1.3552
Oxytricha trifallax	TGA	no	1.015	0.9995	1.5159
Amoeboaphelidium protococcarum FD95	TGA	no	0.932	1.0087	1.3883
Tetrahymena thermophila	TGA	no	1.1506	1.2472	0.9973
Polyplastron multivesiculatum	TAA,TAG,TGA	no	0.2092	0.4245	0.2684
Paramecium tetraurelia	TGA	no	0.9731	0.8403	1.007
Blepharisma stoltei	TAA,TAG	no	0.2576	0.2272	0.5544
Diplodinium dentatum	TAA,TAG,TGA	no	0.3193	0.5211	0.3716
Acetabularia acetabulum	TGA	no	0.2672	0.1528	0.8954
Amoeboaphelidium protococcarum X5	TGA	no	0.9335	1.0124	1.3926
Tetrahymena thermophila	TGA	no	1.1467	1.202	0.8471
Spironucleus salmonicida	TGA	no	1.0129	0.9664	1.0212
Spironucleus salmonicida	TGA	no	1.0525	1.1078	1.1152
Caenorhabditis elegans	TAA,TAG,TGA	no	0.6669	0.7942	0.8804
Entamoeba histolytica	TAA,TAG,TGA	no	0.389	0.5026	0.3819
Aspergillus nidulans FGSC A4	TAA,TAG,TGA	no	0.171	0.1375	0.4152
Ostreococcus tauri	TAA,TAG,TGA	no	0.279	0.0803	0.649
Euplotes focardii	TAA,TAG	no	0.1839	0.2758	0.7659
Spironucleus salmonicida	TGA	no	1.0793	1.1528	1.0472
Amoeboaphelidium occidentale	TAA,TAG,TGA	no	0.1488	0.1031	0.2723
Spironucleus salmonicida	TGA	no	1.0312	1.1749	1.1592
Chlamydomonas reinhardtii	TAA,TAG,TGA	no	0.2948	0.3218	0.9284
Naegleria gruberi	TAA,TAG,TGA	no	0.1391	0.122	0.3761
Paramecium tetraurelia	TGA	no	0.9614	0.7069	0.8719
Oxytricha trifallax	TGA	no	1.0262	0.9593	1.1522
Candida albicans SC5314	TAA,TAG,TGA	no	0.2227	0.2484	0.2907
Acetabularia acetabulum	TGA	no	0.1724	0.1246	0.9298
Stylonychia lemnae	TGA	no	0.9563	1.1046	1.4111
Cryptosporidium parvum	TAA,TAG,TGA	no	0.1795	0.1996	0.2753
Stylonychia lemnae	TGA	no	0.9668	1.0837	1.1637
Metadinium minorum	TAA,TAG,TGA	no	0.1908	0.3713	0.2833
Entamoeba histolytica	TAA,TAG,TGA	no	0.3996	0.5174	0.3764
Euplotes focardii	TAA,TAG	no	0.1567	0.274	0.6944
Naegleria gruberi	TAA,TAG,TGA	no	0.1833	0.1598	0.3754
Paramecium tetraurelia	TGA	no	0.999	0.8381	1.0206
Polyplastron multivesiculatum	TAA,TAG,TGA	no	0.2309	0.4606	0.2865
Naegleria gruberi	TAA,TAG,TGA	no	0.1407	0.1313	0.4083
Amoeboaphelidium protococcarum FD95	TGA	no	0.9181	0.9229	1.107
Drosophila melanogaster	TAA,TAG,TGA	no	0.2045	0.1248	0.6651
Paramecium tetraurelia	TGA	no	0.9922	0.8428	1.3704
Spironucleus salmonicida	TGA	no	1.0292	0.9207	1.0727
Oxytricha trifallax	TGA	no	1.0096	0.9762	0.8248
Naegleria gruberi	TAA,TAG,TGA	no	0.1346	0.1146	0.3444
Thalassiosira pseudonana	TAA,TAG,TGA	no	0.0732	0.0757	0.3051
Amoeboaphelidium occidentale	TAA,TAG,TGA	no	0.0998	0.0881	0.2268
Micromonas commoda RCC299	TAA,TAG,TGA	no	0.3703	0.0983	0.952
Acetabularia acetabulum	TGA	no	0.1922	0.1153	0.9648
Polyplastron multivesiculatum	TAA,TAG,TGA	no	0.2399	0.4454	0.2923
Tetrahymena thermophila	TGA	no	1.1399	1.212	0.9456
Paramecium tetraurelia	TGA	no	0.9626	0.8152	1.4411
Stylonychia lemnae	TGA	no	0.9617	1.114	1.311
Fabrea salina	TAA,TAG,TGA	no	0.1392	0.136	0.1194
Stylonychia lemnae	TGA	no	0.9488	1.0536	1.1246
Blepharisma stoltei	TAA,TAG	no	0.2653	0.3297	0.4879
Encephalitozoon cuniculi	TAA,TAG,TGA	no	0.1823	0.2402	0.2613
Naegleria gruberi	TAA,TAG,TGA	no	0.1478	0.1465	0.3373
Paramecium tetraurelia	TGA	no	1.0113	0.8766	1.3919
Blepharisma stoltei	TAA,TAG	no	0.2506	0.2815	0.4769
Bathycoccus prasinos	TAA,TAG,TGA	no	0.2673	0.054	0.2275
Encephalitozoon cuniculi	TAA,TAG,TGA	no	0.1976	0.2602	0.2787
Polyplastron multivesiculatum	TAA,TAG,TGA	no	0.2141	0.4208	0.2906
Blepharisma stoltei	TAA,TAG	no	0.2559	0.3208	0.4762
Caenorhabditis elegans	TAA,TAG,TGA	no	0.299	0.3063	0.7197
Stylonychia lemnae	TGA	no	0.9109	1.0909	0.7293
Trypanosoma brucei TREU927	TAA,TAG,TGA	no	0.3574	0.123	0.4153
Caenorhabditis elegans	TAA,TAG,TGA	no	0.383	0.7599	0.8001
Spironucleus salmonicida	TGA	no	1.0169	1.0969	0.9549
Spironucleus salmonicida	TGA	no	1.0365	1.0875	0.9969
Amoeboaphelidium protococcarum FD95	TGA	no	0.9169	0.9996	1.3911
Entamoeba histolytica	TAA,TAG,TGA	no	0.4397	0.5892	0.3845
Encephalitozoon cuniculi	TAA,TAG,TGA	no	0.4291	0.3276	0.3728
Drosophila melanogaster	TAA,TAG,TGA	no	0.2713	0.1549	0.5645
Aspergillus nidulans FGSC A4	TAA,TAG,TGA	no	0.2033	0.1845	0.43
Spironucleus salmonicida	TGA	no	0.984	1.2051	0.936
Spironucleus salmonicida	TGA	no	1.0358	1.0819	1.008
Spironucleus salmonicida	TGA	no	1.0726	1.0255	1.1077
Paramecium tetraurelia	TGA	no	1.0021	0.8539	1.2188
Euplotes focardii	TAA,TAG	no	0.172	0.3035	0.6621
Acetabularia acetabulum	TGA	no	0.261	0.1565	0.9374
Phaeodactylum tricornutum	TAA,TAG,TGA	no	0.1144	0.1119	0.2459
Polyplastron multivesiculatum	TAA,TAG,TGA	no	0.1988	0.3971	0.2813
Giardia duodenalis	TAA,TAG,TGA	no	0.0905	0.111	0.3712
Dictyostelium discoideum AX4	TAA,TAG,TGA	no	0.4545	0.4386	0.4565
Euplotes focardii	TAA,TAG	no	0.2948	0.5282	0.7044
Emiliania huxleyi	TAA,TAG,TGA	no	0.3532	0.3774	1.1163
Drosophila melanogaster	TAA,TAG,TGA	no	0.698	0.4431	0.6462
Oxytricha trifallax	TGA	no	1.0249	0.955	1.0786
Acetabularia acetabulum	TGA	no	0.2295	0.1244	0.9765
Amoeboaphelidium protococcarum X5	TGA	no	0.9223	0.9974	1.4301
Trypanosoma brucei TREU927	TAA,TAG,TGA	no	0.1394	0.1152	0.2937
Candida albicans SC5314	TAA,TAG,TGA	no	0.1176	0.1571	0.2931
Arabidopsis thaliana	TAA,TAG,TGA	no	0.3029	0.1974	0.5372
Fabrea salina	TAA,TAG,TGA	no	0.1455	0.1516	0.131
Micromonas commoda RCC299	TAA,TAG,TGA	no	0.3696	0.095	0.8912
Saccharomyces cerevisiae S288C	TAA,TAG,TGA	no	0.0907	0.0912	0.2169
Amoeboaphelidium protococcarum X5	TGA	no	0.7837	0.9588	0.9049
Micromonas commoda RCC299	TAA,TAG,TGA	no	0.322	0.089	0.9634
Paramecium tetraurelia	TGA	no	0.9923	0.8528	1.245
Entamoeba histolytica	TAA,TAG,TGA	no	0.4082	0.5215	0.3892
Amoeboaphelidium protococcarum X5	TGA	no	0.8929	0.9153	1.0294
Dasytricha ruminantium	TAA,TAG,TGA	no	0.3533	0.4239	0.5462
Euplotes focardii	TAA,TAG	no	0.1642	0.2833	0.7116
Acetabularia acetabulum	TGA	no	0.1999	0.1255	1.0739
Stylonychia lemnae	TGA	no	0.9631	1.1172	1.4722
Fabrea salina	TAA,TAG,TGA	no	0.1477	0.1536	0.2138
Dictyostelium discoideum AX4	TAA,TAG,TGA	no	0.4147	0.3738	0.4362
Stylonychia lemnae	TGA	no	0.9702	1.1052	1.358
Amoeboaphelidium occidentale	TAA,TAG,TGA	no	0.1013	0.0838	0.2427
Tetrahymena thermophila	TGA	no	1.198	1.2582	1.1705
Blepharisma stoltei	TAA,TAG	no	0.1997	0.2333	0.4815
Stylonychia lemnae	TGA	no	0.9597	1.1159	1.5926
Oxytricha trifallax	TGA	no	1.0171	0.9807	1.1545
Paramecium tetraurelia	TGA	no	0.9812	0.8397	1.3411
Tetrahymena thermophila	TGA	no	1.161	1.1506	0.925
Paramecium tetraurelia	TGA	no	0.881	0.8155	0.5194
Acetabularia acetabulum	TGA	no	0.1895	0.1427	0.9848
Blepharisma stoltei	TAA,TAG	no	0.2143	0.2689	0.4968
Ostreococcus tauri	TAA,TAG,TGA	no	0.2483	0.0835	0.6306
Paramecium tetraurelia	TGA	no	1.0005	0.8564	1.4267
Diplodinium dentatum	TAA,TAG,TGA	no	0.3322	0.5426	0.3659
Arabidopsis thaliana	TAA,TAG,TGA	no	0.3495	0.1868	0.553
Obscuromonas volfi	TAA,TAG,TGA	no	0.581	0.3057	0.9072
Paramecium tetraurelia	TGA	no	0.9671	0.7562	1.1143
Emiliania huxleyi	TAA,TAG,TGA	no	0.3784	0.3966	1.1402
Drosophila melanogaster	TAA,TAG,TGA	no	0.2387	0.1919	0.5826
Enoploplastron triloricatum	TAA,TAG,TGA	no	0.2114	0.382	0.3047
Blepharisma stoltei	TAA,TAG	no	0.2629	0.3466	0.4846
Euplotes focardii	TAA,TAG	no	0.1587	0.225	0.6684
Spironucleus salmonicida	TGA	no	1.0372	1.0624	1.0676
Stylonychia lemnae	TGA	no	0.8664	1.0639	0.5532
Dasytricha ruminantium	TAA,TAG,TGA	no	0.4132	0.4944	0.6192
Epidinium cattanei	TAA,TAG,TGA	no	0.1954	0.2972	0.2897
Entamoeba histolytica	TAA,TAG,TGA	no	0.388	0.4999	0.3879
Diplodinium dentatum	TAA,TAG,TGA	no	0.3278	0.5246	0.3668
Saccharomyces cerevisiae S288C	TAA,TAG,TGA	no	0.1457	0.1166	0.2403
Fabrea salina	TAA,TAG,TGA	no	0.1445	0.1477	0.1293
Paramecium tetraurelia	TGA	no	0.9785	0.8318	1.4254
Cryptosporidium parvum	TAA,TAG,TGA	no	0.1939	0.2177	0.2693
Arabidopsis thaliana	TAA,TAG,TGA	no	0.3231	0.1915	0.5121
Euplotes focardii	TAA,TAG	no	0.2662	0.3996	0.7418
Blepharisma stoltei	TAA,TAG	no	0.2206	0.2066	0.4859
Amoeboaphelidium protococcarum FD95	TGA	no	0.9048	0.9285	1.0981
Spironucleus salmonicida	TGA	no	1.0273	1.1127	0.9531
Amoeboaphelidium occidentale	TAA,TAG,TGA	no	0.1034	0.0882	0.245
Diplodinium dentatum	TAA,TAG,TGA	no	0.3342	0.5728	0.4125
Amoeboaphelidium protococcarum FD95	TGA	no	0.9136	0.9723	1.2701
Cryptosporidium parvum	TAA,TAG,TGA	no	0.1902	0.2432	0.2808
Tetrahymena thermophila	TGA	no	1.1545	1.2019	1.3363
Spironucleus salmonicida	TGA	no	0.9686	1.251	0.986
Trypanosoma brucei TREU927	TAA,TAG,TGA	no	0.1509	0.1016	0.3875
Stylonychia lemnae	TGA	no	0.963	1.1317	1.6088
Bathycoccus prasinos	TAA,TAG,TGA	no	0.2583	0.0539	0.2374
Epidinium cattanei	TAA,TAG,TGA	no	0.2495	0.4888	0.3938
Toxoplasma gondii ME49	TAA,TAG,TGA	no	0.0643	0.0802	0.6594
Trypanosoma brucei TREU927	TAA,TAG,TGA	no	0.1787	0.093	0.3358
Euplotes focardii	TAA,TAG	no	0.1695	0.2918	0.6929
Eremoplastron rostratum	TAA,TAG,TGA	no	0.2033	0.3621	0.3743
Trypanosoma brucei TREU927	TAA,TAG,TGA	no	0.1088	0.0491	0.2145
Amoeboaphelidium protococcarum X5	TGA	no	0.8812	0.9554	1.1054
Paramecium tetraurelia	TGA	no	0.9827	0.8335	1.24
Metadinium minorum	TAA,TAG,TGA	no	0.1897	0.3553	0.352
Paramecium tetraurelia	TGA	no	0.9299	0.8235	0.6854
Oxytricha trifallax	TGA	no	0.9669	0.9916	0.6231
Oxytricha trifallax	TGA	no	1.065	1.0053	1.3446
Arabidopsis thaliana	TAA,TAG,TGA	no	0.2321	0.1301	0.5157
Blepharisma stoltei	TAA,TAG	no	0.2632	0.3216	0.4812
Candida albicans SC5314	TAA,TAG,TGA	no	0.1282	0.1849	0.2957
Blepharisma stoltei	TAA,TAG	no	0.1921	0.3123	0.5118
Obscuromonas volfi	TAA,TAG,TGA	no	0.3518	0.2694	0.8657
Stylonychia lemnae	TGA	no	0.993	1.142	1.1272
Stylonychia lemnae	TGA	no	0.9656	1.1135	1.2907
Perkinsus marinus	TAA,TAG,TGA	no	0.1337	0.1782	0.423
Oxytricha trifallax	TGA	no	1.026	1.0051	0.8963
Ostreococcus tauri	TAA,TAG,TGA	no	0.214	0.0611	0.583
Amoeboaphelidium occidentale	TAA,TAG,TGA	no	0.2007	0.1607	0.2756
Candida albicans SC5314	TAA,TAG,TGA	no	0.1197	0.1742	0.3082
Euplotes focardii	TAA,TAG	no	0.1674	0.3043	0.692
Dasytricha ruminantium	TAA,TAG,TGA	no	0.3739	0.4704	0.4961
Saccharomyces cerevisiae S288C	TAA,TAG,TGA	no	0.1232	0.1022	0.2304
Naegleria gruberi	TAA,TAG,TGA	no	0.2056	0.1996	0.4629
Spironucleus salmonicida	TGA	no	1.0518	1.1203	1.0385
Acetabularia acetabulum	TGA	no	0.2003	0.1362	0.9564
Euplotes focardii	TAA,TAG	no	0.1852	0.2546	0.737
Euplotes focardii	TAA,TAG	no	0.1655	0.2683	0.7025
Blepharisma stoltei	TAA,TAG	no	0.2222	0.2322	0.4867
Entamoeba histolytica	TAA,TAG,TGA	no	0.3734	0.4831	0.3896
Bathycoccus prasinos	TAA,TAG,TGA	no	0.2548	0.055	0.2356
Trypanosoma brucei TREU927	TAA,TAG,TGA	no	0.2485	0.138	0.368
Stylonychia lemnae	TGA	no	0.9406	1.0886	0.7136
Amoeboaphelidium protococcarum X5	TGA	no	0.8791	0.9907	1.0318
Blepharisma stoltei	TAA,TAG	no	0.2364	0.2696	0.4812
Oxytricha trifallax	TGA	no	1.0464	1.005	1.3727
Blepharisma stoltei	TAA,TAG	no	0.2151	0.2111	0.4857
Metadinium minorum	TAA,TAG,TGA	no	0.1886	0.3705	0.2635
Oxytricha trifallax	TGA	no	1.036	0.9736	1.1832
Amoeboaphelidium protococcarum X5	TGA	no	0.9396	0.971	1.3277
Acetabularia acetabulum	TGA	no	0.2066	0.1222	0.9484
Obscuromonas volfi	TAA,TAG,TGA	no	0.0804	0.1299	0.8522
Paramecium tetraurelia	TGA	no	0.9897	0.8315	1.4258
Blepharisma stoltei	TAA,TAG	no	0.2264	0.2403	0.493
Diplodinium dentatum	TAA,TAG,TGA	no	0.2941	0.5087	0.4266
Tetrahymena thermophila	TGA	no	1.0781	0.9784	0.6444
Acetabularia acetabulum	TGA	no	0.1906	0.1248	1.0002
Perkinsus marinus	TAA,TAG,TGA	no	0.1381	0.2192	0.4183
Caenorhabditis elegans	TAA,TAG,TGA	no	0.3499	0.4332	0.7461
Thalassiosira pseudonana	TAA,TAG,TGA	no	0.0767	0.0766	0.2781
Tetrahymena thermophila	TGA	no	1.1652	1.1832	1.1829
Acetabularia acetabulum	TGA	no	0.1434	0.1069	0.9926
Thalassiosira pseudonana	TAA,TAG,TGA	no	0.079	0.0836	0.3071
Trypanosoma brucei TREU927	TAA,TAG,TGA	no	0.2123	0.0794	0.416
Stylonychia lemnae	TGA	no	0.948	1.1154	1.3906
Euplotes focardii	TAA,TAG	no	0.1789	0.2088	0.8646
Phaeodactylum tricornutum	TAA,TAG,TGA	no	0.1404	0.1291	0.2787
Oxytricha trifallax	TGA	no	1.0467	0.998	1.4146
Diplodinium dentatum	TAA,TAG,TGA	no	0.3387	0.5105	0.4532
Paramecium tetraurelia	TGA	no	0.9602	0.8261	0.8506
Oxytricha trifallax	TGA	no	1.0484	0.9873	1.3907
Diplodinium dentatum	TAA,TAG,TGA	no	0.3278	0.5412	0.3847
Stylonychia lemnae	TGA	no	0.9655	1.1155	1.3698
Acetabularia acetabulum	TGA	no	0.1957	0.1218	0.9641
Amoeboaphelidium protococcarum FD95	TGA	no	0.9254	1.0035	1.3494
Perkinsus marinus	TAA,TAG,TGA	no	0.1484	0.2003	0.3703
Blepharisma stoltei	TAA,TAG	no	0.477	0.5878	0.5106
Paramecium tetraurelia	TGA	no	0.9748	0.8115	0.8839
Emiliania huxleyi	TAA,TAG,TGA	no	0.3025	0.4044	1.0641
Obscuromonas volfi	TAA,TAG,TGA	no	0.0815	0.1345	0.8566
Spironucleus salmonicida	TGA	no	1.0775	1.0394	0.9827
Micromonas commoda RCC299	TAA,TAG,TGA	no	0.4937	0.183	0.9643
Paramecium tetraurelia	TGA	no	0.8761	0.7763	0.5464
Arabidopsis thaliana	TAA,TAG,TGA	no	0.4185	0.4172	0.5999
Obscuromonas oborniki	TAA,TAG,TGA	no	0.335	0.1518	0.6971
Aspergillus nidulans FGSC A4	TAA,TAG,TGA	no	0.3043	0.2615	0.4686
Obscuromonas volfi	TAA,TAG,TGA	no	0.09	0.1366	0.8356
Phaeodactylum tricornutum	TAA,TAG,TGA	no	0.1176	0.1222	0.2788
Cryptosporidium parvum	TAA,TAG,TGA	no	0.1784	0.203	0.2703
Amoeboaphelidium protococcarum X5	TGA	no	0.9374	1.0019	1.3106
Euplotes focardii	TAA,TAG	no	0.1661	0.2788	0.7154
Tetrahymena thermophila	TGA	no	1.1515	1.1841	0.9297
Perkinsus marinus	TAA,TAG,TGA	no	0.1424	0.1891	0.408
Paramecium tetraurelia	TGA	no	0.9426	0.8313	0.7669
Toxoplasma gondii ME49	TAA,TAG,TGA	no	0.0659	0.0596	0.5902
Amoeboaphelidium protococcarum FD95	TGA	no	0.7209	0.9376	0.9149
Micromonas commoda RCC299	TAA,TAG,TGA	no	0.3874	0.1123	0.9958
Phaeodactylum tricornutum	TAA,TAG,TGA	no	0.1246	0.1268	0.2805
Blepharisma stoltei	TAA,TAG	no	0.2342	0.2434	0.5154
Bathycoccus prasinos	TAA,TAG,TGA	no	0.5097	0.1762	0.3878
Stylonychia lemnae	TGA	no	0.9471	1.0669	1.171
Micromonas commoda RCC299	TAA,TAG,TGA	no	0.4044	0.1095	1.0137
Perkinsus marinus	TAA,TAG,TGA	no	0.1991	0.3284	0.4383
Oxytricha trifallax	TGA	no	1.0427	1.0341	1.4607
Ostreococcus tauri	TAA,TAG,TGA	no	0.2252	0.0633	0.5795
Stylonychia lemnae	TGA	no	0.9645	1.1196	1.478
Amoeboaphelidium protococcarum FD95	TGA	no	0.9311	0.9984	1.3569
Thalassiosira pseudonana	TAA,TAG,TGA	no	0.3601	0.2163	0.4401
Micromonas commoda RCC299	TAA,TAG,TGA	no	0.3644	0.1002	0.9247
Arabidopsis thaliana	TAA,TAG,TGA	no	0.3089	0.1913	0.5427
Polyplastron multivesiculatum	TAA,TAG,TGA	no	0.2026	0.3995	0.3027
Enoploplastron triloricatum	TAA,TAG,TGA	no	0.2282	0.4053	0.294
Micromonas commoda RCC299	TAA,TAG,TGA	no	0.3635	0.1116	0.972
Euplotes focardii	TAA,TAG	no	0.1695	0.2743	0.7024
Bathycoccus prasinos	TAA,TAG,TGA	no	0.2994	0.0623	0.3176
Spironucleus salmonicida	TGA	no	1.0003	1.2062	1.0524
Obscuromonas volfi	TAA,TAG,TGA	no	0.0915	0.1331	0.8452
Thalassiosira pseudonana	TAA,TAG,TGA	no	0.0794	0.0816	0.2966
Ostreococcus tauri	TAA,TAG,TGA	no	0.2191	0.0611	0.5609
Oxytricha trifallax	TGA	no	1.0359	0.9937	1.3266
Thalassiosira pseudonana	TAA,TAG,TGA	no	0.0868	0.0769	0.4854
Enoploplastron triloricatum	TAA,TAG,TGA	no	0.2172	0.3848	0.2876
Drosophila melanogaster	TAA,TAG,TGA	no	0.2341	0.1853	0.5731
Tetrahymena thermophila	TGA	no	1.1757	1.2403	1.4871
Stylonychia lemnae	TGA	no	0.9627	1.1188	1.4182
Tetrahymena thermophila	TGA	no	1.156	1.1725	1.1274
Blepharisma stoltei	TAA,TAG	no	0.2038	0.2159	0.4927
Amoeboaphelidium protococcarum X5	TGA	no	0.9386	0.9903	1.3662
Oxytricha trifallax	TGA	no	1.0194	0.9958	0.8194
Euplotes focardii	TAA,TAG	no	0.1657	0.2778	0.7126
Paramecium tetraurelia	TGA	no	0.9713	0.8326	1.4708
Euplotes focardii	TAA,TAG	no	0.1628	0.31	0.7087
Spironucleus salmonicida	TGA	no	1.0138	1.2464	1.0209
Saccharomyces cerevisiae S288C	TAA,TAG,TGA	no	0.1143	0.0967	0.2288
Thalassiosira pseudonana	TAA,TAG,TGA	no	0.0773	0.0778	0.2958
Blepharisma stoltei	TAA,TAG	no	0.2099	0.1956	0.4737
Euplotes focardii	TAA,TAG	no	0.1608	0.2646	0.6862
Acetabularia acetabulum	TGA	no	0.2353	0.1444	0.982
Paramecium tetraurelia	TGA	no	0.9917	0.8454	1.3142
Toxoplasma gondii ME49	TAA,TAG,TGA	no	0.0797	0.0546	0.5874
Stylonychia lemnae	TGA	no	0.9322	1.107	0.6259
Euplotes focardii	TAA,TAG	no	0.1579	0.2693	0.7108
Amoeboaphelidium protococcarum X5	TGA	no	0.9305	0.995	1.3472
Amoeboaphelidium protococcarum FD95	TGA	no	0.9186	0.981	1.2719
Euplotes focardii	TAA,TAG	no	0.1518	0.2564	0.6015
Tetrahymena thermophila	TGA	no	1.1704	1.1871	1.149
Euplotes focardii	TAA,TAG	no	0.1989	0.2924	0.6812
Encephalitozoon cuniculi	TAA,TAG,TGA	no	0.1818	0.2444	0.2904
Diplodinium dentatum	TAA,TAG,TGA	no	0.3265	0.5387	0.3894
Drosophila melanogaster	TAA,TAG,TGA	no	0.2503	0.1599	0.8387
Euplotes focardii	TAA,TAG	no	0.1798	0.3112	0.6897
Diplodinium dentatum	TAA,TAG,TGA	no	0.319	0.5484	0.4003
Eremoplastron rostratum	TAA,TAG,TGA	no	0.1914	0.357	0.3241
Epidinium cattanei	TAA,TAG,TGA	no	0.1699	0.2722	0.2795
Bathycoccus prasinos	TAA,TAG,TGA	no	0.2479	0.0524	0.2391
Obscuromonas volfi	TAA,TAG,TGA	no	0.0836	0.1365	0.8266
Stylonychia lemnae	TGA	no	0.9542	1.1069	1.5417
Thalassiosira pseudonana	TAA,TAG,TGA	no	0.0689	0.0738	0.3007
Thalassiosira pseudonana	TAA,TAG,TGA	no	0.3251	0.1612	0.5468
Paramecium tetraurelia	TGA	no	0.9897	0.8365	1.5712
Amoeboaphelidium occidentale	TAA,TAG,TGA	no	0.1415	0.1234	0.3402
Dictyostelium discoideum AX4	TAA,TAG,TGA	no	0.4424	0.4238	0.4555
Spironucleus salmonicida	TGA	no	1.0918	1.0774	0.9814
Entamoeba histolytica	TAA,TAG,TGA	no	0.3716	0.495	0.3827
Thalassiosira pseudonana	TAA,TAG,TGA	no	0.0513	0.0636	0.3344
Drosophila melanogaster	TAA,TAG,TGA	no	0.3547	0.311	0.5708
Fabrea salina	TAA,TAG,TGA	no	0.1398	0.1385	0.1276
Amoeboaphelidium protococcarum FD95	TGA	no	0.9269	0.9812	1.3635
Euplotes focardii	TAA,TAG	no	0.1443	0.2585	0.7076
Caenorhabditis elegans	TAA,TAG,TGA	no	0.3305	0.4552	0.7527
Oxytricha trifallax	TGA	no	1.0438	0.9916	1.2783
Tetrahymena thermophila	TGA	no	1.0833	1.0804	0.7755
Phaeodactylum tricornutum	TAA,TAG,TGA	no	0.1107	0.1152	0.25
Acetabularia acetabulum	TGA	no	0.2112	0.1142	0.9997
Blepharisma stoltei	TAA,TAG	no	0.2109	0.2397	0.4741
Euplotes focardii	TAA,TAG	no	0.135	0.2479	0.6509
Paramecium tetraurelia	TGA	no	0.9974	0.8556	1.47
Spironucleus salmonicida	TGA	no	1.0142	1.2013	1.0462
Blepharisma stoltei	TAA,TAG	no	0.2592	0.1807	0.5192
Saccharomyces cerevisiae S288C	TAA,TAG,TGA	no	0.1221	0.1456	0.2331
Drosophila melanogaster	TAA,TAG,TGA	no	0.2173	0.1694	0.5469
Spironucleus salmonicida	TGA	no	1.0111	1.179	1.019
Obscuromonas volfi	TAA,TAG,TGA	no	0.1999	0.1716	0.8422
Obscuromonas volfi	TAA,TAG,TGA	no	0.132	0.1635	0.8257
Dictyostelium discoideum AX4	TAA,TAG,TGA	no	0.4358	0.38	0.5097
Stylonychia lemnae	TGA	no	0.9627	1.1139	1.3621
Blepharisma stoltei	TAA,TAG	no	0.1836	0.155	0.6203
Paramecium tetraurelia	TGA	no	0.9508	0.8343	0.916
Phaeodactylum tricornutum	TAA,TAG,TGA	no	0.1097	0.1146	0.2454
Tetrahymena thermophila	TGA	no	1.1095	0.9989	0.984
Stylonychia lemnae	TGA	no	0.9439	1.0274	0.9632
Amoeboaphelidium protococcarum FD95	TGA	no	0.9465	1.0055	1.4667
Stylonychia lemnae	TGA	no	0.9777	1.1514	1.3477
Oxytricha trifallax	TGA	no	1.0265	0.9327	1.0266
Stylonychia lemnae	TGA	no	0.9564	1.1136	1.3117
Amoeboaphelidium protococcarum X5	TGA	no	0.9261	0.9804	1.3513
Obscuromonas oborniki	TAA,TAG,TGA	no	0.2188	0.1269	0.6621
Caenorhabditis elegans	TAA,TAG,TGA	no	0.7124	0.7065	0.9205
Spironucleus salmonicida	TGA	no	1.0312	1.1692	1.0514
Dasytricha ruminantium	TAA,TAG,TGA	no	0.3842	0.468	0.5366
Tetrahymena thermophila	TGA	no	1.1782	1.2262	1.2747
Perkinsus marinus	TAA,TAG,TGA	no	0.1929	0.2518	0.3936
Euplotes focardii	TAA,TAG	no	0.1326	0.2421	0.6927
Oxytricha trifallax	TGA	no	1.0446	1.0171	1.1633
Amoeboaphelidium protococcarum X5	TGA	no	0.9284	0.9921	1.3544
Entamoeba histolytica	TAA,TAG,TGA	no	0.3892	0.5004	0.4017
Naegleria gruberi	TAA,TAG,TGA	no	0.1201	0.1113	0.4116
Metadinium minorum	TAA,TAG,TGA	no	0.1786	0.359	0.2421
Euplotes focardii	TAA,TAG	no	0.1619	0.25	0.6939
Metadinium minorum	TAA,TAG,TGA	no	0.194	0.3672	0.2936
Dictyostelium discoideum AX4	TAA,TAG,TGA	no	0.4488	0.3876	0.4265
Acetabularia acetabulum	TGA	no	0.1603	0.1276	0.9589
Amoeboaphelidium protococcarum X5	TGA	no	0.8429	0.9409	0.9798
Oxytricha trifallax	TGA	no	0.9806	0.9844	0.7618
Paramecium tetraurelia	TGA	no	0.9431	0.8216	0.76
Epidinium cattanei	TAA,TAG,TGA	no	0.194	0.3217	0.4045
Acetabularia acetabulum	TGA	no	0.1919	0.1231	0.9634
Amoeboaphelidium protococcarum FD95	TGA	no	0.9023	0.9851	1.1757
Stylonychia lemnae	TGA	no	0.9596	1.1143	1.3973
Oxytricha trifallax	TGA	no	1.0511	1.0038	1.3507
Amoeboaphelidium protococcarum X5	TGA	no	0.9049	0.9858	1.2047
Tetrahymena thermophila	TGA	no	1.1693	1.2014	1.2823
Spironucleus salmonicida	TGA	no	1.0552	1.1041	1.1226
Ostreococcus tauri	TAA,TAG,TGA	no	0.2191	0.0642	0.4896
Micromonas commoda RCC299	TAA,TAG,TGA	no	0.3378	0.0983	0.9603
Cryptosporidium parvum	TAA,TAG,TGA	no	0.1805	0.2046	0.2709
Obscuromonas oborniki	TAA,TAG,TGA	no	0.3035	0.1778	0.6474
Spironucleus salmonicida	TGA	no	1.0757	1.1604	1.0792
Oxytricha trifallax	TGA	no	1.0156	0.9788	0.9736
Acetabularia acetabulum	TGA	no	0.1989	0.1472	0.9249
Arabidopsis thaliana	TAA,TAG,TGA	no	0.3105	0.1982	0.5457
Paramecium tetraurelia	TGA	no	1.0027	0.861	1.2568
Spironucleus salmonicida	TGA	no	1.0184	1.1565	0.9837
Encephalitozoon cuniculi	TAA,TAG,TGA	no	0.2422	0.3045	0.3111
Cryptosporidium parvum	TAA,TAG,TGA	no	0.2044	0.3103	0.2994
Arabidopsis thaliana	TAA,TAG,TGA	no	0.3022	0.1965	0.5121
Tetrahymena thermophila	TGA	no	1.1354	1.1762	1.3485
Thalassiosira pseudonana	TAA,TAG,TGA	no	0.0763	0.0772	0.3212
Caenorhabditis elegans	TAA,TAG,TGA	no	0.6999	0.5956	0.8802
Saccharomyces cerevisiae S288C	TAA,TAG,TGA	no	0.1998	0.1299	0.2427
Acetabularia acetabulum	TGA	no	0.1799	0.1254	0.9471
Euplotes focardii	TAA,TAG	no	0.1206	0.2677	0.6077
Dictyostelium discoideum AX4	TAA,TAG,TGA	no	0.4254	0.366	0.4451
Stylonychia lemnae	TGA	no	0.9617	1.1093	1.2482
Spironucleus salmonicida	TGA	no	1.1036	1.1857	1.2822
Oxytricha trifallax	TGA	no	1.0396	0.9929	1.3717
Oxytricha trifallax	TGA	no	1.0104	0.9872	0.7842
Blepharisma stoltei	TAA,TAG	no	0.2572	0.2941	0.4849
Fabrea salina	TAA,TAG,TGA	no	0.1557	0.1609	0.1586
Saccharomyces cerevisiae S288C	TAA,TAG,TGA	no	0.1071	0.1064	0.3915
Oxytricha trifallax	TGA	no	1.0268	0.9807	1.0607
Dasytricha ruminantium	TAA,TAG,TGA	no	0.3715	0.4511	0.4994
Thalassiosira pseudonana	TAA,TAG,TGA	no	0.1986	0.1099	0.4024
Naegleria gruberi	TAA,TAG,TGA	no	0.2066	0.185	0.3923
Arabidopsis thaliana	TAA,TAG,TGA	no	0.2915	0.1829	0.5591
Giardia duodenalis	TAA,TAG,TGA	no	0.1002	0.1175	0.3371
Drosophila melanogaster	TAA,TAG,TGA	no	0.2916	0.1479	0.7202
Stylonychia lemnae	TGA	no	0.9557	1.107	1.4368
Spironucleus salmonicida	TGA	no	0.9745	0.85	0.986
Amoeboaphelidium protococcarum X5	TGA	no	0.9142	0.972	1.2422
Bathycoccus prasinos	TAA,TAG,TGA	no	0.2663	0.0562	0.233
Acetabularia acetabulum	TGA	no	0.2123	0.1456	1.0005
Acetabularia acetabulum	TGA	no	0.2202	0.1261	0.9659
Tetrahymena thermophila	TGA	no	1.0305	1.1742	0.4258
Polyplastron multivesiculatum	TAA,TAG,TGA	no	0.2047	0.3926	0.301
Candida albicans SC5314	TAA,TAG,TGA	no	0.1197	0.1393	0.2538
Caenorhabditis elegans	TAA,TAG,TGA	no	0.314	0.2637	0.8317
Candida albicans SC5314	TAA,TAG,TGA	no	0.1848	0.2263	0.3027
Oxytricha trifallax	TGA	no	1.0193	0.9257	0.9908
Spironucleus salmonicida	TGA	no	1.0318	1.3231	1.0132
Polyplastron multivesiculatum	TAA,TAG,TGA	no	0.2079	0.416	0.2794
Blepharisma stoltei	TAA,TAG	no	0.2643	0.333	0.4743
Amoeboaphelidium protococcarum FD95	TGA	no	0.8994	0.9798	1.3433
Acetabularia acetabulum	TGA	no	0.1971	0.1237	0.941
Blepharisma stoltei	TAA,TAG	no	0.1949	0.1912	0.4611
Tetrahymena thermophila	TGA	no	1.1665	1.1668	1.111
Amoeboaphelidium protococcarum FD95	TGA	no	0.913	1.0001	1.3559
Eremoplastron rostratum	TAA,TAG,TGA	no	0.1917	0.3472	0.2921
Caenorhabditis elegans	TAA,TAG,TGA	no	0.6829	0.647	0.8511
Trypanosoma brucei TREU927	TAA,TAG,TGA	no	0.1503	0.067	0.3043
Euplotes focardii	TAA,TAG	no	0.1432	0.2603	0.6693
Acetabularia acetabulum	TGA	no	0.2153	0.1302	0.9969
Naegleria gruberi	TAA,TAG,TGA	no	0.1377	0.1194	0.489
Amoeboaphelidium protococcarum X5	TGA	no	0.8331	0.9515	1.1824
Chlamydomonas reinhardtii	TAA,TAG,TGA	no	0.602	0.5461	1.0506
Obscuromonas oborniki	TAA,TAG,TGA	no	0.1763	0.1225	0.5076
Euplotes focardii	TAA,TAG	no	0.1527	0.3325	0.668
Obscuromonas volfi	TAA,TAG,TGA	no	0.4493	0.1921	0.9
Eremoplastron rostratum	TAA,TAG,TGA	no	0.1896	0.3456	0.302
Tetrahymena thermophila	TGA	no	1.1533	1.194	0.9982
Thalassiosira pseudonana	TAA,TAG,TGA	no	0.1033	0.0927	0.3402
Toxoplasma gondii ME49	TAA,TAG,TGA	no	0.0603	0.0611	0.6106
Drosophila melanogaster	TAA,TAG,TGA	no	0.1966	0.1585	0.5996
Amoeboaphelidium protococcarum FD95	TGA	no	0.9204	1.0072	1.3026
Toxoplasma gondii ME49	TAA,TAG,TGA	no	0.0636	0.0624	0.6224
Dictyostelium discoideum AX4	TAA,TAG,TGA	no	0.4248	0.3631	0.4511
Oxytricha trifallax	TGA	no	1.0091	0.9901	0.8844
Amoeboaphelidium protococcarum X5	TGA	no	0.9246	1.0058	1.4005
Paramecium tetraurelia	TGA	no	0.9718	0.8547	0.7996
Toxoplasma gondii ME49	TAA,TAG,TGA	no	0.1932	0.0836	0.6359
Tetrahymena thermophila	TGA	no	1.1454	1.1649	0.9011
Chlamydomonas reinhardtii	TAA,TAG,TGA	no	0.5065	0.5007	1.0475
Bathycoccus prasinos	TAA,TAG,TGA	no	0.3421	0.1044	0.3328
Giardia duodenalis	TAA,TAG,TGA	no	0.0993	0.1097	0.3404
Euplotes focardii	TAA,TAG	no	0.1646	0.2873	0.6876
Arabidopsis thaliana	TAA,TAG,TGA	no	0.4929	0.6383	0.5477
Spironucleus salmonicida	TGA	no	1.0257	1.3169	1.0916
Thalassiosira pseudonana	TAA,TAG,TGA	no	0.0955	0.0811	0.3207
Stylonychia lemnae	TGA	no	0.9457	1.0844	1.1509
Amoeboaphelidium occidentale	TAA,TAG,TGA	no	0.1781	0.1398	0.2588
Perkinsus marinus	TAA,TAG,TGA	no	0.1496	0.2039	0.4087
Tetrahymena thermophila	TGA	no	1.1493	1.1824	1.2872
Spironucleus salmonicida	TGA	no	1.0535	1.1	1.012
Saccharomyces cerevisiae S288C	TAA,TAG,TGA	no	0.0932	0.0899	0.3142
Acetabularia acetabulum	TGA	no	0.2251	0.1065	1.0273
Tetrahymena thermophila	TGA	no	1.0063	1.033	0.6741
Emiliania huxleyi	TAA,TAG,TGA	no	0.3118	0.3234	1.1368
Bathycoccus prasinos	TAA,TAG,TGA	no	0.272	0.0502	0.2422
Oxytricha trifallax	TGA	no	1.0476	1.0024	1.6159
Stylonychia lemnae	TGA	no	0.9464	1.0692	0.8293
Oxytricha trifallax	TGA	no	0.997	0.9664	0.7354
Obscuromonas volfi	TAA,TAG,TGA	no	0.1118	0.1398	0.8158
Blepharisma stoltei	TAA,TAG	no	0.1877	0.1855	0.4502
Dictyostelium discoideum AX4	TAA,TAG,TGA	no	0.4368	0.4333	0.5063
Tetrahymena thermophila	TGA	no	1.1473	1.1491	1.1746
Thalassiosira pseudonana	TAA,TAG,TGA	no	0.3089	0.1609	0.4657
Blepharisma stoltei	TAA,TAG	no	0.2422	0.2268	0.468
Caenorhabditis elegans	TAA,TAG,TGA	no	0.5869	0.6917	0.8163
Spironucleus salmonicida	TGA	no	0.9982	1.4222	1.0835
Blepharisma stoltei	TAA,TAG	no	0.2244	0.2481	0.4786
Fabrea salina	TAA,TAG,TGA	no	0.1781	0.1765	0.1418
Paramecium tetraurelia	TGA	no	1.0114	0.8438	0.8539
Enoploplastron triloricatum	TAA,TAG,TGA	no	0.2183	0.3863	0.2835
Amoeboaphelidium occidentale	TAA,TAG,TGA	no	0.1888	0.116	0.283
Ostreococcus tauri	TAA,TAG,TGA	no	0.214	0.0632	0.6697
Oxytricha trifallax	TGA	no	1.0559	0.9913	1.217
Perkinsus marinus	TAA,TAG,TGA	no	0.1371	0.1767	0.4986
Blepharisma stoltei	TAA,TAG	no	0.2191	0.2351	0.4901
Cryptosporidium parvum	TAA,TAG,TGA	no	0.1898	0.2344	0.2611
Toxoplasma gondii ME49	TAA,TAG,TGA	no	0.0914	0.0544	0.6097
Entamoeba histolytica	TAA,TAG,TGA	no	0.3801	0.4893	0.3807
Tetrahymena thermophila	TGA	no	1.091	1.1195	0.5723
Toxoplasma gondii ME49	TAA,TAG,TGA	no	0.0695	0.0783	0.6288
Epidinium cattanei	TAA,TAG,TGA	no	0.168	0.2575	0.309
Toxoplasma gondii ME49	TAA,TAG,TGA	no	0.069	0.0636	0.5884
Euplotes focardii	TAA,TAG	no	0.2011	0.3806	0.6897
Fabrea salina	TAA,TAG,TGA	no	0.1417	0.1458	0.1201
Spironucleus salmonicida	TGA	no	1.0543	1.0516	1.0016
Acetabularia acetabulum	TGA	no	0.1914	0.1246	0.9336
Acetabularia acetabulum	TGA	no	0.1926	0.1018	0.9054
Paramecium tetraurelia	TGA	no	0.9998	0.8459	1.2592
Ostreococcus tauri	TAA,TAG,TGA	no	0.2248	0.0715	0.7253
Fabrea salina	TAA,TAG,TGA	no	0.1421	0.1459	0.114
Ostreococcus tauri	TAA,TAG,TGA	no	0.4574	0.1191	0.7755
Metadinium minorum	TAA,TAG,TGA	no	0.1919	0.3674	0.2676
Paramecium tetraurelia	TGA	no	1.0078	0.8542	1.2868
Micromonas commoda RCC299	TAA,TAG,TGA	no	0.3987	0.0928	0.9136
Euplotes focardii	TAA,TAG	no	0.1552	0.2027	0.8063
Oxytricha trifallax	TGA	no	1.0372	1.0078	1.3422
Oxytricha trifallax	TGA	no	0.999	0.99	0.9991
Amoeboaphelidium protococcarum X5	TGA	no	0.9102	0.9653	1.3217
Giardia duodenalis	TAA,TAG,TGA	no	0.0943	0.1153	0.348
Stylonychia lemnae	TGA	no	0.9419	1.0631	0.9067
Blepharisma stoltei	TAA,TAG	no	0.245	0.2564	0.4979
Oxytricha trifallax	TGA	no	1.0313	1.0112	1.078
Stylonychia lemnae	TGA	no	0.925	0.9976	0.7185
Epidinium cattanei	TAA,TAG,TGA	no	0.1847	0.3402	0.2761
Metadinium minorum	TAA,TAG,TGA	no	0.1974	0.3898	0.2631
Tetrahymena thermophila	TGA	no	1.1768	1.1666	0.9578
Entamoeba histolytica	TAA,TAG,TGA	no	0.3528	0.4714	0.4011
Amoeboaphelidium protococcarum X5	TGA	no	0.9208	0.9897	1.5118
Caenorhabditis elegans	TAA,TAG,TGA	no	0.4277	0.4771	0.7589
Dasytricha ruminantium	TAA,TAG,TGA	no	0.4073	0.5182	0.6844
Stylonychia lemnae	TGA	no	0.9677	1.1269	1.3309
Oxytricha trifallax	TGA	no	1.035	0.9837	1.1763
Obscuromonas oborniki	TAA,TAG,TGA	no	0.1639	0.1144	0.5481
Phaeodactylum tricornutum	TAA,TAG,TGA	no	0.1299	0.1441	0.3206
Euplotes focardii	TAA,TAG	no	0.159	0.2713	0.6972
Naegleria gruberi	TAA,TAG,TGA	no	0.1641	0.1638	0.4343
Euplotes focardii	TAA,TAG	no	0.1641	0.2871	0.6829
Oxytricha trifallax	TGA	no	1.0339	0.9813	1.1854
Diplodinium dentatum	TAA,TAG,TGA	no	0.3236	0.523	0.3798
Drosophila melanogaster	TAA,TAG,TGA	no	0.2519	0.1561	0.5642
Phaeodactylum tricornutum	TAA,TAG,TGA	no	0.1106	0.1202	0.2537
Acetabularia acetabulum	TGA	no	0.2071	0.1103	1.0792
Chlamydomonas reinhardtii	TAA,TAG,TGA	no	0.8876	0.5739	1.0375
Diplodinium dentatum	TAA,TAG,TGA	no	0.3109	0.5233	0.3859
Polyplastron multivesiculatum	TAA,TAG,TGA	no	0.2053	0.4079	0.3093
Cryptosporidium parvum	TAA,TAG,TGA	no	0.1986	0.1952	0.2462
Spironucleus salmonicida	TGA	no	1.1297	1.1306	0.9736
Obscuromonas volfi	TAA,TAG,TGA	no	0.1709	0.1289	0.8443
Aspergillus nidulans FGSC A4	TAA,TAG,TGA	no	0.3787	0.2611	0.51
Acetabularia acetabulum	TGA	no	0.1994	0.1353	1.0133
Dictyostelium discoideum AX4	TAA,TAG,TGA	no	0.4581	0.374	0.4268
Stylonychia lemnae	TGA	no	0.9581	1.1045	1.2944
Giardia duodenalis	TAA,TAG,TGA	no	0.2223	0.1821	0.3525
Trypanosoma brucei TREU927	TAA,TAG,TGA	no	0.1725	0.0974	0.4228
Spironucleus salmonicida	TGA	no	1.1208	0.9347	1.104
Oxytricha trifallax	TGA	no	1.0356	0.9597	1.1287
Drosophila melanogaster	TAA,TAG,TGA	no	0.2524	0.1781	0.4828
Euplotes focardii	TAA,TAG	no	0.1651	0.2531	0.6595
Oxytricha trifallax	TGA	no	1.0538	0.9958	1.3752
Enoploplastron triloricatum	TAA,TAG,TGA	no	0.2095	0.3922	0.2703
Euplotes focardii	TAA,TAG	no	0.1598	0.2714	0.6866
Phaeodactylum tricornutum	TAA,TAG,TGA	no	0.1064	0.115	0.2614
Paramecium tetraurelia	TGA	no	0.9852	0.8428	1.2231
Eremoplastron rostratum	TAA,TAG,TGA	no	0.2071	0.3483	0.2842
Bathycoccus prasinos	TAA,TAG,TGA	no	0.2572	0.0424	0.2684
Euplotes focardii	TAA,TAG	no	0.1551	0.2729	0.6885
Diplodinium dentatum	TAA,TAG,TGA	no	0.324	0.5169	0.3655
Amoeboaphelidium protococcarum X5	TGA	no	0.9411	1.0004	1.3585
Amoeboaphelidium protococcarum X5	TGA	no	0.922	0.9915	1.3738
Metadinium minorum	TAA,TAG,TGA	no	0.1807	0.3385	0.2927
Blepharisma stoltei	TAA,TAG	no	0.2346	0.3271	0.4865
Enoploplastron triloricatum	TAA,TAG,TGA	no	0.2102	0.3849	0.2834
Eremoplastron rostratum	TAA,TAG,TGA	no	0.1881	0.3458	0.2729
Diplodinium dentatum	TAA,TAG,TGA	no	0.308	0.5274	0.3858
Spironucleus salmonicida	TGA	no	1.0318	1.2452	1.0862
Tetrahymena thermophila	TGA	no	1.1542	1.1771	1.0345
Euplotes focardii	TAA,TAG	no	0.1386	0.2802	0.691
Acetabularia acetabulum	TGA	no	0.1854	0.1154	1.0313
Amoeboaphelidium protococcarum X5	TGA	no	0.9225	0.9846	1.2979
Oxytricha trifallax	TGA	no	1.0421	1.0172	1.1553
Paramecium tetraurelia	TGA	no	0.9885	0.8446	1.3429
Dasytricha ruminantium	TAA,TAG,TGA	no	0.3833	0.441	0.5939
Acetabularia acetabulum	TGA	no	0.2587	0.1484	0.9694
Naegleria gruberi	TAA,TAG,TGA	no	0.1414	0.126	0.3324
Phaeodactylum tricornutum	TAA,TAG,TGA	no	0.1097	0.1346	0.2853
Drosophila melanogaster	TAA,TAG,TGA	no	0.7624	0.5795	0.6631
Encephalitozoon cuniculi	TAA,TAG,TGA	no	0.1782	0.2401	0.3274
Amoeboaphelidium occidentale	TAA,TAG,TGA	no	0.0977	0.0852	0.2547
Ostreococcus tauri	TAA,TAG,TGA	no	0.229	0.0628	0.6114
Amoeboaphelidium protococcarum FD95	TGA	no	0.9227	0.9852	1.3459
Fabrea salina	TAA,TAG,TGA	no	0.2	0.2446	0.1545
Amoeboaphelidium protococcarum FD95	TGA	no	0.9245	0.9954	1.3732
Tetrahymena thermophila	TGA	no	1.1565	1.2283	1.4186
Emiliania huxleyi	TAA,TAG,TGA	no	0.8062	0.679	1.0509
Dictyostelium discoideum AX4	TAA,TAG,TGA	no	0.4149	0.3559	0.4524
Epidinium cattanei	TAA,TAG,TGA	no	0.1804	0.2817	0.3146
Oxytricha trifallax	TGA	no	1.041	0.9639	1.1715
Paramecium tetraurelia	TGA	no	0.9911	0.8283	1.3545
Metadinium minorum	TAA,TAG,TGA	no	0.1931	0.3724	0.2555
Chlamydomonas reinhardtii	TAA,TAG,TGA	no	0.7342	0.4284	0.9768
Obscuromonas volfi	TAA,TAG,TGA	no	0.0903	0.1336	0.8352
Polyplastron multivesiculatum	TAA,TAG,TGA	no	0.1957	0.3842	0.2611
Drosophila melanogaster	TAA,TAG,TGA	no	0.5159	0.4854	0.6358
Enoploplastron triloricatum	TAA,TAG,TGA	no	0.2005	0.3822	0.3283
Tetrahymena thermophila	TGA	no	1.1405	1.0098	1.027
Acetabularia acetabulum	TGA	no	0.1925	0.1169	0.9948
Tetrahymena thermophila	TGA	no	1.1635	1.2015	1.2046
Ostreococcus tauri	TAA,TAG,TGA	no	0.2193	0.0608	0.5793
Emiliania huxleyi	TAA,TAG,TGA	no	0.3653	0.3434	1.1
Trypanosoma brucei TREU927	TAA,TAG,TGA	no	0.2605	0.0496	0.3266
Giardia duodenalis	TAA,TAG,TGA	no	0.0842	0.1041	0.3611
Euplotes focardii	TAA,TAG	no	0.1781	0.2975	0.6549
Tetrahymena thermophila	TGA	no	1.1823	1.229	1.6049
Entamoeba histolytica	TAA,TAG,TGA	no	0.3489	0.4822	0.3825
Acetabularia acetabulum	TGA	no	0.1982	0.1513	0.8968
Oxytricha trifallax	TGA	no	0.9649	0.9845	0.638
Candida albicans SC5314	TAA,TAG,TGA	no	0.1232	0.141	0.4404
Aspergillus nidulans FGSC A4	TAA,TAG,TGA	no	0.3945	0.2711	0.498
Euplotes focardii	TAA,TAG	no	0.1588	0.2669	0.6915
Emiliania huxleyi	TAA,TAG,TGA	no	0.3863	0.4719	1.1527
Caenorhabditis elegans	TAA,TAG,TGA	no	0.4209	0.2951	0.8138
Oxytricha trifallax	TGA	no	1.0369	0.9664	1.2142
Dictyostelium discoideum AX4	TAA,TAG,TGA	no	0.4153	0.3572	0.4485
Blepharisma stoltei	TAA,TAG	no	0.2834	0.2941	0.4795
Fabrea salina	TAA,TAG,TGA	no	0.1399	0.1433	0.1201
Blepharisma stoltei	TAA,TAG	no	0.2205	0.2389	0.5008
Naegleria gruberi	TAA,TAG,TGA	no	0.1821	0.1478	0.377
Arabidopsis thaliana	TAA,TAG,TGA	no	0.4994	0.3616	0.5457
Fabrea salina	TAA,TAG,TGA	no	0.1701	0.1624	0.1369
Amoeboaphelidium occidentale	TAA,TAG,TGA	no	0.185	0.2233	0.2727
Obscuromonas oborniki	TAA,TAG,TGA	no	0.1615	0.1144	0.5972
Phaeodactylum tricornutum	TAA,TAG,TGA	no	0.1151	0.1082	0.2597
Acetabularia acetabulum	TGA	no	0.2	0.1252	1.0389
Spironucleus salmonicida	TGA	no	1.0606	1.414	1.0808
Paramecium tetraurelia	TGA	no	0.9893	0.8403	1.4555
Dasytricha ruminantium	TAA,TAG,TGA	no	0.364	0.4394	0.5451
Entamoeba histolytica	TAA,TAG,TGA	no	0.3644	0.4823	0.3777
Euplotes focardii	TAA,TAG	no	0.2644	0.4657	0.7086
Naegleria gruberi	TAA,TAG,TGA	no	0.2107	0.179	0.4044
Fabrea salina	TAA,TAG,TGA	no	0.1371	0.1431	0.1221
Stylonychia lemnae	TGA	no	0.9554	1.1089	1.2849
Tetrahymena thermophila	TGA	no	1.1619	1.1869	1.1743
Caenorhabditis elegans	TAA,TAG,TGA	no	0.4468	0.6114	0.8823
Bathycoccus prasinos	TAA,TAG,TGA	no	0.2865	0.0568	0.2579
Obscuromonas volfi	TAA,TAG,TGA	no	0.1026	0.1589	0.8149
Stylonychia lemnae	TGA	no	0.9736	1.1027	1.376
Toxoplasma gondii ME49	TAA,TAG,TGA	no	0.2852	0.1247	0.6672
Arabidopsis thaliana	TAA,TAG,TGA	no	0.3643	0.2025	0.5583
Blepharisma stoltei	TAA,TAG	no	0.2363	0.2302	0.4467
Amoeboaphelidium protococcarum X5	TGA	no	0.9218	0.9792	1.3896
Acetabularia acetabulum	TGA	no	0.2021	0.1211	0.9759
Euplotes focardii	TAA,TAG	no	0.1702	0.2914	0.693
Amoeboaphelidium protococcarum X5	TGA	no	0.9356	0.9852	1.4326
Emiliania huxleyi	TAA,TAG,TGA	no	0.4205	0.3558	1.1519
Ostreococcus tauri	TAA,TAG,TGA	no	0.3659	0.0991	0.771
Paramecium tetraurelia	TGA	no	0.9854	0.8538	1.0655
Acetabularia acetabulum	TGA	no	0.2099	0.1304	0.9917
Arabidopsis thaliana	TAA,TAG,TGA	no	0.2923	0.1894	0.5373
Caenorhabditis elegans	TAA,TAG,TGA	no	0.4566	0.6968	0.7809
Spironucleus salmonicida	TGA	no	1.0181	1.2481	1.0749
Eremoplastron rostratum	TAA,TAG,TGA	no	0.18	0.3295	0.3189
Stylonychia lemnae	TGA	no	0.9727	1.1087	1.3891
Blepharisma stoltei	TAA,TAG	no	0.2316	0.2685	0.4736
Acetabularia acetabulum	TGA	no	0.1832	0.1689	0.9396
Paramecium tetraurelia	TGA	no	0.9907	0.8239	1.0886
Amoeboaphelidium protococcarum X5	TGA	no	0.9345	0.9891	1.3868
Candida albicans SC5314	TAA,TAG,TGA	no	0.1419	0.1941	0.3119
Arabidopsis thaliana	TAA,TAG,TGA	no	0.3242	0.2146	0.5451
Micromonas commoda RCC299	TAA,TAG,TGA	no	0.3497	0.1065	0.9916
Stylonychia lemnae	TGA	no	0.9583	0.9932	1.1401
Toxoplasma gondii ME49	TAA,TAG,TGA	no	0.0606	0.0671	0.5636
Saccharomyces cerevisiae S288C	TAA,TAG,TGA	no	0.1387	0.0907	0.21
Tetrahymena thermophila	TGA	no	1.1675	1.2243	1.3419
Encephalitozoon cuniculi	TAA,TAG,TGA	no	0.167	0.2395	0.2278
Acetabularia acetabulum	TGA	no	0.2068	0.1242	1.0123
Cryptosporidium parvum	TAA,TAG,TGA	no	0.1765	0.2273	0.2663
Enoploplastron triloricatum	TAA,TAG,TGA	no	0.2144	0.3796	0.2913
Paramecium tetraurelia	TGA	no	0.9675	0.8158	0.841
Spironucleus salmonicida	TGA	no	1.0151	0.8812	1.1414
Acetabularia acetabulum	TGA	no	0.2062	0.1315	0.9832
Paramecium tetraurelia	TGA	no	0.9516	0.816	0.8392
Emiliania huxleyi	TAA,TAG,TGA	no	0.3348	0.3604	1.1255
Acetabularia acetabulum	TGA	no	0.2184	0.1352	0.9726
Dasytricha ruminantium	TAA,TAG,TGA	no	0.3286	0.4014	0.5071
Dictyostelium discoideum AX4	TAA,TAG,TGA	no	0.4273	0.4116	0.4917
Paramecium tetraurelia	TGA	no	0.9664	0.7714	0.9182
Blepharisma stoltei	TAA,TAG	no	0.2516	0.3437	0.4803
Spironucleus salmonicida	TGA	no	1.0508	1.2378	1.094
Micromonas commoda RCC299	TAA,TAG,TGA	no	0.3597	0.0976	0.9977
Amoeboaphelidium protococcarum X5	TGA	no	0.9467	0.9915	1.3626
Tetrahymena thermophila	TGA	no	1.1816	1.2308	1.2206
Epidinium cattanei	TAA,TAG,TGA	no	0.1818	0.2729	0.3122
Dictyostelium discoideum AX4	TAA,TAG,TGA	no	0.458	0.4485	0.4612
Giardia duodenalis	TAA,TAG,TGA	no	0.0845	0.1007	0.3277
Aspergillus nidulans FGSC A4	TAA,TAG,TGA	no	0.1975	0.1939	0.5277
Metadinium minorum	TAA,TAG,TGA	no	0.1852	0.3758	0.2532
Perkinsus marinus	TAA,TAG,TGA	no	0.1351	0.1829	0.3898
Tetrahymena thermophila	TGA	no	1.1672	1.1038	1.1224
Oxytricha trifallax	TGA	no	1.0469	0.9984	1.2047
Euplotes focardii	TAA,TAG	no	0.154	0.2717	0.6906
Paramecium tetraurelia	TGA	no	0.9468	0.7535	0.8935
Obscuromonas volfi	TAA,TAG,TGA	no	0.0827	0.1368	0.8347
Giardia duodenalis	TAA,TAG,TGA	no	0.0731	0.1014	0.3267
Drosophila melanogaster	TAA,TAG,TGA	no	0.3979	0.1564	0.6081
Bathycoccus prasinos	TAA,TAG,TGA	no	0.3323	0.0728	0.3121
Trypanosoma brucei TREU927	TAA,TAG,TGA	no	0.2605	0.1499	0.5579
Amoeboaphelidium protococcarum FD95	TGA	no	0.9286	0.9916	1.3755
Saccharomyces cerevisiae S288C	TAA,TAG,TGA	no	0.1266	0.0981	0.2402
Spironucleus salmonicida	TGA	no	1.0833	1.1537	1.0396
Euplotes focardii	TAA,TAG	no	0.1636	0.3119	0.7854
Paramecium tetraurelia	TGA	no	1.0087	0.841	1.2895
Spironucleus salmonicida	TGA	no	1.0204	0.9767	1.0859
Candida albicans SC5314	TAA,TAG,TGA	no	0.1131	0.1538	0.3503
Acetabularia acetabulum	TGA	no	0.1992	0.1298	0.9916
Amoeboaphelidium protococcarum X5	TGA	no	0.8389	0.9576	0.9553
Fabrea salina	TAA,TAG,TGA	no	0.1366	0.1377	0.1174
Acetabularia acetabulum	TGA	no	0.1908	0.1198	0.9149
Encephalitozoon cuniculi	TAA,TAG,TGA	no	0.177	0.2361	0.2541
Blepharisma stoltei	TAA,TAG	no	0.2125	0.2266	0.467
Phaeodactylum tricornutum	TAA,TAG,TGA	no	0.3601	0.2122	0.441
Obscuromonas oborniki	TAA,TAG,TGA	no	0.1492	0.1166	0.5716
Euplotes focardii	TAA,TAG	no	0.1659	0.2813	0.7093
Oxytricha trifallax	TGA	no	1.0288	0.9709	1.3611
Tetrahymena thermophila	TGA	no	0.9689	1.0219	0.5202
Thalassiosira pseudonana	TAA,TAG,TGA	no	0.0654	0.072	0.2921
Spironucleus salmonicida	TGA	no	1.0458	1.3377	1.0995
Tetrahymena thermophila	TGA	no	1.1571	1.232	0.9396
Paramecium tetraurelia	TGA	no	0.9376	0.8105	0.8153
Perkinsus marinus	TAA,TAG,TGA	no	0.177	0.2716	0.4199
Amoeboaphelidium protococcarum X5	TGA	no	0.9174	0.9856	1.4707
Dasytricha ruminantium	TAA,TAG,TGA	no	0.363	0.4325	0.4982
Obscuromonas volfi	TAA,TAG,TGA	no	0.0919	0.1618	0.8308
Metadinium minorum	TAA,TAG,TGA	no	0.1897	0.3697	0.2598
Dictyostelium discoideum AX4	TAA,TAG,TGA	no	0.4322	0.3695	0.4567
Tetrahymena thermophila	TGA	no	1.1503	1.1813	1.3538
Amoeboaphelidium protococcarum FD95	TGA	no	0.8377	0.9525	1.0744
Drosophila melanogaster	TAA,TAG,TGA	no	0.2151	0.1617	0.563
Acetabularia acetabulum	TGA	no	0.1926	0.1225	0.9733
Obscuromonas oborniki	TAA,TAG,TGA	no	0.255	0.1336	0.6289
Encephalitozoon cuniculi	TAA,TAG,TGA	no	0.1784	0.2354	0.2762
Dasytricha ruminantium	TAA,TAG,TGA	no	0.3928	0.4507	0.5116
Amoeboaphelidium protococcarum X5	TGA	no	0.9439	0.9967	1.4139
Blepharisma stoltei	TAA,TAG	no	0.2627	0.3234	0.4889
Amoeboaphelidium protococcarum X5	TGA	no	0.7821	0.955	0.9368
Dasytricha ruminantium	TAA,TAG,TGA	no	0.3799	0.4599	0.4699
Dictyostelium discoideum AX4	TAA,TAG,TGA	no	0.437	0.3665	0.5064
Encephalitozoon cuniculi	TAA,TAG,TGA	no	0.1806	0.239	0.2639
Acetabularia acetabulum	TGA	no	0.2028	0.125	0.9481
Oxytricha trifallax	TGA	no	1.0523	1.0054	1.2843
Diplodinium dentatum	TAA,TAG,TGA	no	0.3234	0.5337	0.3875
Tetrahymena thermophila	TGA	no	1.1653	1.2052	1.3518
Epidinium cattanei	TAA,TAG,TGA	no	0.1685	0.2699	0.2775
Phaeodactylum tricornutum	TAA,TAG,TGA	no	0.1334	0.1265	0.2731
Acetabularia acetabulum	TGA	no	0.208	0.1243	0.9894
Stylonychia lemnae	TGA	no	0.9552	1.0992	1.2418
Trypanosoma brucei TREU927	TAA,TAG,TGA	no	0.1277	0.0665	0.2326
Euplotes focardii	TAA,TAG	no	0.1597	0.2641	0.7099
Acetabularia acetabulum	TGA	no	0.2073	0.1235	0.9618
Tetrahymena thermophila	TGA	no	1.144	1.1634	0.8649
Encephalitozoon cuniculi	TAA,TAG,TGA	no	0.1735	0.2391	0.2412
Spironucleus salmonicida	TGA	no	1.0519	1.0224	1.1188
Amoeboaphelidium protococcarum X5	TGA	no	0.8923	0.9567	1.1347
Polyplastron multivesiculatum	TAA,TAG,TGA	no	0.2045	0.4153	0.2795
Epidinium cattanei	TAA,TAG,TGA	no	0.1859	0.2787	0.2889
Saccharomyces cerevisiae S288C	TAA,TAG,TGA	no	0.1386	0.1166	0.2658
Bathycoccus prasinos	TAA,TAG,TGA	no	0.2676	0.057	0.2227
Arabidopsis thaliana	TAA,TAG,TGA	no	0.3293	0.1525	0.5835
Metadinium minorum	TAA,TAG,TGA	no	0.1979	0.3723	0.2593
Stylonychia lemnae	TGA	no	0.9565	1.1315	1.5316
Tetrahymena thermophila	TGA	no	1.1637	1.209	1.1299
Cryptosporidium parvum	TAA,TAG,TGA	no	0.1784	0.2123	0.2919
Metadinium minorum	TAA,TAG,TGA	no	0.1911	0.3741	0.2746
Diplodinium dentatum	TAA,TAG,TGA	no	0.327	0.532	0.3945
Spironucleus salmonicida	TGA	no	1.0697	1.1155	1.1623
Toxoplasma gondii ME49	TAA,TAG,TGA	no	0.0666	0.0625	0.5775
Stylonychia lemnae	TGA	no	0.9715	1.1129	1.2038
Amoeboaphelidium protococcarum FD95	TGA	no	0.8795	0.9357	1.1059
Ostreococcus tauri	TAA,TAG,TGA	no	0.2145	0.0646	0.5941
Paramecium tetraurelia	TGA	no	0.9855	0.8087	1.0375
Tetrahymena thermophila	TGA	no	1.1687	1.1982	1.3521
Acetabularia acetabulum	TGA	no	0.2124	0.1244	0.9242
Stylonychia lemnae	TGA	no	0.941	1.0904	0.8778
Thalassiosira pseudonana	TAA,TAG,TGA	no	0.326	0.2252	0.4855
Perkinsus marinus	TAA,TAG,TGA	no	0.1406	0.1727	0.4147
Saccharomyces cerevisiae S288C	TAA,TAG,TGA	no	0.2303	0.1173	0.2331
Amoeboaphelidium protococcarum X5	TGA	no	0.9262	0.9818	1.4076
Tetrahymena thermophila	TGA	no	1.0653	0.8087	0.9224
Encephalitozoon cuniculi	TAA,TAG,TGA	no	0.1892	0.247	0.2842
Amoeboaphelidium protococcarum X5	TGA	no	0.9291	0.9845	1.4066
Giardia duodenalis	TAA,TAG,TGA	no	0.099	0.1279	0.2648
Tetrahymena thermophila	TGA	no	1.1695	1.2537	1.1154
Acetabularia acetabulum	TGA	no	0.2186	0.1303	0.9686
Eremoplastron rostratum	TAA,TAG,TGA	no	0.1774	0.3396	0.2687
Spironucleus salmonicida	TGA	no	1.0539	1.1207	1.0505
Tetrahymena thermophila	TGA	no	1.1855	1.2471	1.4359
Saccharomyces cerevisiae S288C	TAA,TAG,TGA	no	0.1362	0.1006	0.2523
Toxoplasma gondii ME49	TAA,TAG,TGA	no	0.0899	0.0801	0.602
Metadinium minorum	TAA,TAG,TGA	no	0.1976	0.3827	0.2894
Oxytricha trifallax	TGA	no	1.0214	0.9438	0.8992
Spironucleus salmonicida	TGA	no	1.0419	1.1791	1.0781
Ostreococcus tauri	TAA,TAG,TGA	no	0.1792	0.0479	0.5826
Euplotes focardii	TAA,TAG	no	0.2936	0.4324	0.6981
Dasytricha ruminantium	TAA,TAG,TGA	no	0.3739	0.4908	0.4879
Enoploplastron triloricatum	TAA,TAG,TGA	no	0.2185	0.3839	0.3223
Spironucleus salmonicida	TGA	no	1.0495	1.2835	1.0509
Eremoplastron rostratum	TAA,TAG,TGA	no	0.1978	0.3727	0.2993
Amoeboaphelidium protococcarum FD95	TGA	no	0.9107	0.9803	1.2687
Caenorhabditis elegans	TAA,TAG,TGA	no	0.4079	0.5127	0.794
Dictyostelium discoideum AX4	TAA,TAG,TGA	no	0.4267	0.3822	0.465
Tetrahymena thermophila	TGA	no	1.1732	1.2199	1.2409
Obscuromonas volfi	TAA,TAG,TGA	no	0.6667	0.3109	0.9111
Aspergillus nidulans FGSC A4	TAA,TAG,TGA	no	0.5831	0.4189	0.5817
Enoploplastron triloricatum	TAA,TAG,TGA	no	0.2738	0.4674	0.3369
Obscuromonas oborniki	TAA,TAG,TGA	no	0.2175	0.1463	0.531
Oxytricha trifallax	TGA	no	0.9972	0.8992	0.8518
Chlamydomonas reinhardtii	TAA,TAG,TGA	no	0.3457	0.309	1.0064
Amoeboaphelidium protococcarum X5	TGA	no	0.922	0.9799	1.3385
Emiliania huxleyi	TAA,TAG,TGA	no	0.3682	0.3209	1.1535
Amoeboaphelidium protococcarum X5	TGA	no	0.9308	0.9862	1.3769
Oxytricha trifallax	TGA	no	1.0418	1.0077	1.1802
Stylonychia lemnae	TGA	no	0.9676	1.1149	1.3725
Stylonychia lemnae	TGA	no	0.9138	1.0827	0.892
Amoeboaphelidium occidentale	TAA,TAG,TGA	no	0.153	0.145	0.3759
Blepharisma stoltei	TAA,TAG	no	0.2091	0.2018	0.4877
Eremoplastron rostratum	TAA,TAG,TGA	no	0.2054	0.3805	0.317
Ostreococcus tauri	TAA,TAG,TGA	no	0.2159	0.0653	0.602
Paramecium tetraurelia	TGA	no	0.9953	0.8375	1.2984
Bathycoccus prasinos	TAA,TAG,TGA	no	0.2733	0.0628	0.2465
Trypanosoma brucei TREU927	TAA,TAG,TGA	no	0.1819	0.0799	0.3195
Eremoplastron rostratum	TAA,TAG,TGA	no	0.1843	0.3348	0.3086
Chlamydomonas reinhardtii	TAA,TAG,TGA	no	0.3109	0.2922	0.9036
Emiliania huxleyi	TAA,TAG,TGA	no	0.4087	0.3689	1.1212
Entamoeba histolytica	TAA,TAG,TGA	no	0.4128	0.5325	0.3878
Paramecium tetraurelia	TGA	no	0.9966	0.853	1.4238
Bathycoccus prasinos	TAA,TAG,TGA	no	0.3032	0.11	0.2911
Amoeboaphelidium protococcarum X5	TGA	no	0.9291	0.9772	1.3373
Eremoplastron rostratum	TAA,TAG,TGA	no	0.195	0.3439	0.3838
Stylonychia lemnae	TGA	no	0.9477	1.0284	1.0344
Stylonychia lemnae	TGA	no	0.9522	1.0944	1.0488
Spironucleus salmonicida	TGA	no	0.9791	0.9662	1.1182
Chlamydomonas reinhardtii	TAA,TAG,TGA	no	0.3991	0.3189	1.0492
Drosophila melanogaster	TAA,TAG,TGA	no	0.2758	0.1938	0.5871
Euplotes focardii	TAA,TAG	no	0.1169	0.2444	0.6655
Spironucleus salmonicida	TGA	no	1.0174	0.9857	1.1076
Spironucleus salmonicida	TGA	no	1.0249	1.3339	1.027
Drosophila melanogaster	TAA,TAG,TGA	no	0.5722	0.1589	0.5757
Tetrahymena thermophila	TGA	no	1.1459	1.1314	1.0017
Tetrahymena thermophila	TGA	no	1.1692	1.2078	1.2305
Dictyostelium discoideum AX4	TAA,TAG,TGA	no	0.4411	0.4232	0.4725
Fabrea salina	TAA,TAG,TGA	no	0.2011	0.1759	0.1429
Stylonychia lemnae	TGA	no	0.953	1.103	1.2862
Amoeboaphelidium occidentale	TAA,TAG,TGA	no	0.1072	0.0904	0.2439
Amoeboaphelidium protococcarum X5	TGA	no	0.8617	0.9713	1.0517
Thalassiosira pseudonana	TAA,TAG,TGA	no	0.0803	0.0796	0.3291
Epidinium cattanei	TAA,TAG,TGA	no	0.1806	0.2794	0.2921
Candida albicans SC5314	TAA,TAG,TGA	no	0.1175	0.1562	0.284
Paramecium tetraurelia	TGA	no	0.9977	0.8318	1.1307
Drosophila melanogaster	TAA,TAG,TGA	no	0.3369	0.249	0.5784
Enoploplastron triloricatum	TAA,TAG,TGA	no	0.2195	0.3919	0.3013
Amoeboaphelidium protococcarum FD95	TGA	no	0.9341	0.9797	1.302
Spironucleus salmonicida	TGA	no	1.0319	1.1938	1.0469
Blepharisma stoltei	TAA,TAG	no	0.2129	0.2243	0.4835
Epidinium cattanei	TAA,TAG,TGA	no	0.1835	0.2645	0.3121
Aspergillus nidulans FGSC A4	TAA,TAG,TGA	no	0.2521	0.2032	0.4468
Trypanosoma brucei TREU927	TAA,TAG,TGA	no	0.4537	0.2883	0.427
Amoeboaphelidium protococcarum FD95	TGA	no	0.9382	0.9527	1.3181
Perkinsus marinus	TAA,TAG,TGA	no	0.137	0.1823	0.3949
Metadinium minorum	TAA,TAG,TGA	no	0.1898	0.3575	0.2695
Chlamydomonas reinhardtii	TAA,TAG,TGA	no	0.5814	0.553	1.0629
Spironucleus salmonicida	TGA	no	1.0246	1.5164	0.9744
Acetabularia acetabulum	TGA	no	0.2215	0.1345	1.0006
Saccharomyces cerevisiae S288C	TAA,TAG,TGA	no	0.1831	0.1216	0.2425
Chlamydomonas reinhardtii	TAA,TAG,TGA	no	0.2906	0.3061	0.979
Arabidopsis thaliana	TAA,TAG,TGA	no	0.3214	0.2015	0.5179
Amoeboaphelidium protococcarum FD95	TGA	no	0.6828	0.9513	0.8833
Acetabularia acetabulum	TGA	no	0.2048	0.1274	1.0135
Toxoplasma gondii ME49	TAA,TAG,TGA	no	0.0608	0.0523	0.5637
Tetrahymena thermophila	TGA	no	1.1634	1.1746	1.1205
Paramecium tetraurelia	TGA	no	1.0003	0.827	1.1058
Obscuromonas volfi	TAA,TAG,TGA	no	0.0777	0.139	0.8448
Blepharisma stoltei	TAA,TAG	no	0.2304	0.2603	0.4761
Thalassiosira pseudonana	TAA,TAG,TGA	no	0.0797	0.0792	0.324
Micromonas commoda RCC299	TAA,TAG,TGA	no	0.3854	0.1033	0.8846
Metadinium minorum	TAA,TAG,TGA	no	0.1921	0.3622	0.3118
Enoploplastron triloricatum	TAA,TAG,TGA	no	0.2134	0.3836	0.2678
Paramecium tetraurelia	TGA	no	0.9134	0.7179	0.7108
Oxytricha trifallax	TGA	no	1.036	0.9795	1.2844
Amoeboaphelidium protococcarum X5	TGA	no	0.923	0.9796	1.3486
Amoeboaphelidium protococcarum X5	TGA	no	0.9336	0.984	1.405
Stylonychia lemnae	TGA	no	0.9513	1.1242	1.0617
Stylonychia lemnae	TGA	no	0.9537	1.0707	1.1161
Diplodinium dentatum	TAA,TAG,TGA	no	0.3292	0.5083	0.372
Encephalitozoon cuniculi	TAA,TAG,TGA	no	0.1904	0.2499	0.3223
Saccharomyces cerevisiae S288C	TAA,TAG,TGA	no	0.1613	0.1058	0.2298
Oxytricha trifallax	TGA	no	1.0428	1.0015	1.4227
Amoeboaphelidium protococcarum X5	TGA	no	0.9437	1.002	1.3504
Oxytricha trifallax	TGA	no	1.0399	1.0084	1.4424
Eremoplastron rostratum	TAA,TAG,TGA	no	0.2027	0.4109	0.3247
Spironucleus salmonicida	TGA	no	1.05	1.0683	1.0451
Stylonychia lemnae	TGA	no	0.9084	1.0966	0.6446
Drosophila melanogaster	TAA,TAG,TGA	no	0.2662	0.2358	0.9173
Blepharisma stoltei	TAA,TAG	no	0.2213	0.2502	0.4819
Spironucleus salmonicida	TGA	no	0.9858	1.0889	1.0024
Blepharisma stoltei	TAA,TAG	no	0.2295	0.2653	0.5025
Toxoplasma gondii ME49	TAA,TAG,TGA	no	0.0595	0.0641	0.6039
Spironucleus salmonicida	TGA	no	1.0364	1.1647	1.03
Blepharisma stoltei	TAA,TAG	no	0.2766	0.3607	0.4913
Dasytricha ruminantium	TAA,TAG,TGA	no	0.3532	0.4661	0.448
Enoploplastron triloricatum	TAA,TAG,TGA	no	0.2116	0.38	0.3326
Dictyostelium discoideum AX4	TAA,TAG,TGA	no	0.4333	0.3804	0.4761
Obscuromonas volfi	TAA,TAG,TGA	no	0.0969	0.1349	0.8248
Tetrahymena thermophila	TGA	no	1.2086	1.2556	0.9815
Trypanosoma brucei TREU927	TAA,TAG,TGA	no	0.145	0.0698	0.2348
Caenorhabditis elegans	TAA,TAG,TGA	no	0.634	0.6863	0.9274
Paramecium tetraurelia	TGA	no	0.988	0.8357	1.4756
Saccharomyces cerevisiae S288C	TAA,TAG,TGA	no	0.1412	0.0981	0.2432
Stylonychia lemnae	TGA	no	0.9755	1.1389	1.485
Saccharomyces cerevisiae S288C	TAA,TAG,TGA	no	0.16	0.1149	0.228
Giardia duodenalis	TAA,TAG,TGA	no	0.0867	0.1145	0.2641
Perkinsus marinus	TAA,TAG,TGA	no	0.137	0.1795	0.4127
Paramecium tetraurelia	TGA	no	0.9812	0.8445	1.0865
Perkinsus marinus	TAA,TAG,TGA	no	0.2306	0.26	0.4117
Acetabularia acetabulum	TGA	no	0.1744	0.1088	1.0227
Encephalitozoon cuniculi	TAA,TAG,TGA	no	0.199	0.2675	0.2909
Acetabularia acetabulum	TGA	no	0.1885	0.1246	0.9345
Micromonas commoda RCC299	TAA,TAG,TGA	no	0.4185	0.1024	0.9675
Amoeboaphelidium protococcarum FD95	TGA	no	0.8385	0.9727	1.0839
Stylonychia lemnae	TGA	no	0.9518	1.0683	1.0946
Thalassiosira pseudonana	TAA,TAG,TGA	no	0.1588	0.1786	0.3736
Euplotes focardii	TAA,TAG	no	0.1566	0.2763	0.687
Dasytricha ruminantium	TAA,TAG,TGA	no	0.373	0.4479	0.5031
Fabrea salina	TAA,TAG,TGA	no	0.1635	0.1561	0.1266
Stylonychia lemnae	TGA	no	0.965	1.1259	1.3888
Dictyostelium discoideum AX4	TAA,TAG,TGA	no	0.4361	0.3817	0.441
Drosophila melanogaster	TAA,TAG,TGA	no	0.2255	0.1591	0.6209
Fabrea salina	TAA,TAG,TGA	no	0.138	0.1417	0.1244
Stylonychia lemnae	TGA	no	0.9684	1.1227	1.2851
Entamoeba histolytica	TAA,TAG,TGA	no	0.4191	0.5514	0.3682
Perkinsus marinus	TAA,TAG,TGA	no	0.1466	0.2114	0.3971
Metadinium minorum	TAA,TAG,TGA	no	0.1874	0.3665	0.2671
Acetabularia acetabulum	TGA	no	0.2066	0.1248	1.0494
Blepharisma stoltei	TAA,TAG	no	0.2336	0.2733	0.4761
Paramecium tetraurelia	TGA	no	0.927	0.8452	1.2189
Blepharisma stoltei	TAA,TAG	no	0.2087	0.2187	0.4717
Aspergillus nidulans FGSC A4	TAA,TAG,TGA	no	0.3515	0.3059	0.448
Amoeboaphelidium protococcarum FD95	TGA	no	0.9265	0.9979	1.3923
Thalassiosira pseudonana	TAA,TAG,TGA	no	0.117	0.1335	0.3395
Oxytricha trifallax	TGA	no	1.0405	0.9936	1.2535
Naegleria gruberi	TAA,TAG,TGA	no	0.1385	0.1152	0.3418
Epidinium cattanei	TAA,TAG,TGA	no	0.1752	0.2597	0.3342
Phaeodactylum tricornutum	TAA,TAG,TGA	no	0.1236	0.1174	0.4043
Euplotes focardii	TAA,TAG	no	0.1075	0.1947	0.6938
Bathycoccus prasinos	TAA,TAG,TGA	no	0.3283	0.1158	0.2895
Thalassiosira pseudonana	TAA,TAG,TGA	no	0.0681	0.0677	0.2644
Ostreococcus tauri	TAA,TAG,TGA	no	0.2162	0.0602	0.6441
Amoeboaphelidium occidentale	TAA,TAG,TGA	no	0.09	0.0804	0.2264
Chlamydomonas reinhardtii	TAA,TAG,TGA	no	0.2192	0.2473	0.8117
Amoeboaphelidium protococcarum FD95	TGA	no	0.934	0.9845	1.3804
Tetrahymena thermophila	TGA	no	1.1565	1.1369	1.1088
Blepharisma stoltei	TAA,TAG	no	0.2862	0.3217	0.4736
Oxytricha trifallax	TGA	no	1.0396	0.9911	1.2407
Euplotes focardii	TAA,TAG	no	0.3723	0.4984	0.719
Candida albicans SC5314	TAA,TAG,TGA	no	0.1159	0.1632	0.2792
Blepharisma stoltei	TAA,TAG	no	0.2884	0.4121	0.445
Caenorhabditis elegans	TAA,TAG,TGA	no	0.402	0.5412	0.7002
Cryptosporidium parvum	TAA,TAG,TGA	no	0.173	0.2034	0.2656
Amoeboaphelidium protococcarum FD95	TGA	no	0.8109	0.7835	0.7737
Stylonychia lemnae	TGA	no	0.9409	1.0938	0.8104
Acetabularia acetabulum	TGA	no	0.209	0.1303	0.9542
Spironucleus salmonicida	TGA	no	0.946	1.1185	0.9526
Blepharisma stoltei	TAA,TAG	no	0.2367	0.2814	0.4909
Stylonychia lemnae	TGA	no	0.9612	1.1042	1.3966
Amoeboaphelidium protococcarum X5	TGA	no	0.9291	1.0187	1.1899
Amoeboaphelidium protococcarum X5	TGA	no	0.9109	0.9854	1.1958
Naegleria gruberi	TAA,TAG,TGA	no	0.1411	0.1171	0.3421
Obscuromonas oborniki	TAA,TAG,TGA	no	0.3719	0.2594	0.6636
Eremoplastron rostratum	TAA,TAG,TGA	no	0.2092	0.4167	0.3343
Encephalitozoon cuniculi	TAA,TAG,TGA	no	0.2104	0.2402	0.2435
Encephalitozoon cuniculi	TAA,TAG,TGA	no	0.1733	0.2399	0.2252
Acetabularia acetabulum	TGA	no	0.212	0.1229	1.0021
Tetrahymena thermophila	TGA	no	1.1687	1.22	1.2773
Euplotes focardii	TAA,TAG	no	0.2995	0.3456	0.7116
Aspergillus nidulans FGSC A4	TAA,TAG,TGA	no	0.2877	0.2244	0.476
Perkinsus marinus	TAA,TAG,TGA	no	0.1894	0.2569	0.4051
Oxytricha trifallax	TGA	no	1.0481	0.99	1.3031
Amoeboaphelidium occidentale	TAA,TAG,TGA	no	0.1009	0.0894	0.2449
Candida albicans SC5314	TAA,TAG,TGA	no	0.1173	0.1506	0.2686
Diplodinium dentatum	TAA,TAG,TGA	no	0.3309	0.5443	0.3604
Blepharisma stoltei	TAA,TAG	no	0.2053	0.239	0.4482
Encephalitozoon cuniculi	TAA,TAG,TGA	no	0.1782	0.2371	0.282
Perkinsus marinus	TAA,TAG,TGA	no	0.1839	0.2477	0.4093
Stylonychia lemnae	TGA	no	0.9616	1.1241	1.3807
Dictyostelium discoideum AX4	TAA,TAG,TGA	no	0.4376	0.377	0.43
Amoeboaphelidium protococcarum X5	TGA	no	0.8709	0.9777	1.2145
Candida albicans SC5314	TAA,TAG,TGA	no	0.133	0.2176	0.2752
Tetrahymena thermophila	TGA	no	1.1635	1.1882	1.2878
Euplotes focardii	TAA,TAG	no	0.1548	0.258	0.6709
Thalassiosira pseudonana	TAA,TAG,TGA	no	0.0892	0.0748	0.294
Amoeboaphelidium protococcarum FD95	TGA	no	0.6773	0.9333	0.8017
Epidinium cattanei	TAA,TAG,TGA	no	0.1838	0.277	0.3541
Euplotes focardii	TAA,TAG	no	0.1291	0.1597	0.6852
Tetrahymena thermophila	TGA	no	0.9753	1.1065	0.4431
Amoeboaphelidium protococcarum X5	TGA	no	0.9424	0.9909	1.3573
Entamoeba histolytica	TAA,TAG,TGA	no	0.3636	0.4658	0.4086
Obscuromonas oborniki	TAA,TAG,TGA	no	0.1882	0.1093	0.5868
Amoeboaphelidium protococcarum X5	TGA	no	0.9237	0.996	1.4075
Thalassiosira pseudonana	TAA,TAG,TGA	no	0.0743	0.0727	0.3331
Acetabularia acetabulum	TGA	no	0.2014	0.1188	0.9812
Paramecium tetraurelia	TGA	no	1.0125	0.8541	1.2802
Polyplastron multivesiculatum	TAA,TAG,TGA	no	0.2139	0.4201	0.2934
Polyplastron multivesiculatum	TAA,TAG,TGA	no	0.2151	0.4225	0.282
Trypanosoma brucei TREU927	TAA,TAG,TGA	no	0.1865	0.1017	0.3594
Drosophila melanogaster	TAA,TAG,TGA	no	0.2346	0.1503	0.5906
Amoeboaphelidium protococcarum X5	TGA	no	0.9399	0.9949	1.357
Enoploplastron triloricatum	TAA,TAG,TGA	no	0.2404	0.407	0.3168
Oxytricha trifallax	TGA	no	1.0322	0.9886	1.2833
Blepharisma stoltei	TAA,TAG	no	0.214	0.2228	0.507
Chlamydomonas reinhardtii	TAA,TAG,TGA	no	0.3723	0.3261	0.934
Stylonychia lemnae	TGA	no	0.9481	1.0992	1.423
Giardia duodenalis	TAA,TAG,TGA	no	0.0821	0.1046	0.3369
Aspergillus nidulans FGSC A4	TAA,TAG,TGA	no	0.2743	0.2217	0.4451
Fabrea salina	TAA,TAG,TGA	no	0.1407	0.1448	0.1989
Drosophila melanogaster	TAA,TAG,TGA	no	0.1773	0.0837	0.6599
Stylonychia lemnae	TGA	no	0.959	1.1102	1.3565
Enoploplastron triloricatum	TAA,TAG,TGA	no	0.2473	0.4736	0.3532
Saccharomyces cerevisiae S288C	TAA,TAG,TGA	no	0.0892	0.0817	0.238
Bathycoccus prasinos	TAA,TAG,TGA	no	0.3078	0.0715	0.2433
Perkinsus marinus	TAA,TAG,TGA	no	0.1413	0.1938	0.4432
Blepharisma stoltei	TAA,TAG	no	0.2311	0.2473	0.4804
Enoploplastron triloricatum	TAA,TAG,TGA	no	0.2115	0.3825	0.2912
Thalassiosira pseudonana	TAA,TAG,TGA	no	0.072	0.0769	0.3046
Spironucleus salmonicida	TGA	no	1.0323	1.2277	1.0749
Entamoeba histolytica	TAA,TAG,TGA	no	0.3724	0.4887	0.3744
Tetrahymena thermophila	TGA	no	1.1728	1.1973	1.2155
Tetrahymena thermophila	TGA	no	1.1642	1.2085	1.0761
Spironucleus salmonicida	TGA	no	0.9271	1.1052	0.8329
Bathycoccus prasinos	TAA,TAG,TGA	no	0.2613	0.0579	0.2424
Encephalitozoon cuniculi	TAA,TAG,TGA	no	0.4058	0.3191	0.3789
Polyplastron multivesiculatum	TAA,TAG,TGA	no	0.2178	0.4455	0.316
Entamoeba histolytica	TAA,TAG,TGA	no	0.3903	0.5124	0.4456
Diplodinium dentatum	TAA,TAG,TGA	no	0.3091	0.5146	0.3845
Bathycoccus prasinos	TAA,TAG,TGA	no	0.3572	0.1064	0.3145
Saccharomyces cerevisiae S288C	TAA,TAG,TGA	no	0.1045	0.1182	0.2336
Spironucleus salmonicida	TGA	no	1.0506	1.0661	1.085
Dasytricha ruminantium	TAA,TAG,TGA	no	0.3683	0.4537	0.5145
Spironucleus salmonicida	TGA	no	1.036	1.1553	0.9647
Emiliania huxleyi	TAA,TAG,TGA	no	0.7652	0.6282	1.0988
Paramecium tetraurelia	TGA	no	0.9897	0.8457	1.2927
Ostreococcus tauri	TAA,TAG,TGA	no	0.2201	0.0693	0.8232
Stylonychia lemnae	TGA	no	0.9554	1.1222	1.3927
Aspergillus nidulans FGSC A4	TAA,TAG,TGA	no	0.4539	0.3282	0.4512
Dasytricha ruminantium	TAA,TAG,TGA	no	0.3782	0.4656	0.529
Encephalitozoon cuniculi	TAA,TAG,TGA	no	0.1831	0.2358	0.242
Epidinium cattanei	TAA,TAG,TGA	no	0.1954	0.292	0.361
Obscuromonas oborniki	TAA,TAG,TGA	no	0.1632	0.1137	0.5782
Chlamydomonas reinhardtii	TAA,TAG,TGA	no	0.2912	0.239	0.9496
Euplotes focardii	TAA,TAG	no	0.2111	0.2868	0.6778
Spironucleus salmonicida	TGA	no	1.0597	1.1446	1.0317
Amoeboaphelidium protococcarum FD95	TGA	no	0.9059	0.9447	1.345
Amoeboaphelidium protococcarum FD95	TGA	no	0.7489	0.8761	0.802
Oxytricha trifallax	TGA	no	1.0068	0.922	0.8861
Trypanosoma brucei TREU927	TAA,TAG,TGA	no	0.1917	0.0847	0.3258
Amoeboaphelidium occidentale	TAA,TAG,TGA	no	0.1011	0.0886	0.2414
Eremoplastron rostratum	TAA,TAG,TGA	no	0.1889	0.3538	0.2788
Dictyostelium discoideum AX4	TAA,TAG,TGA	no	0.45	0.3912	0.432
Tetrahymena thermophila	TGA	no	1.1591	1.1924	1.4025
Encephalitozoon cuniculi	TAA,TAG,TGA	no	0.1782	0.2365	0.2313
Acetabularia acetabulum	TGA	no	0.2283	0.1378	0.9819
Dasytricha ruminantium	TAA,TAG,TGA	no	0.3582	0.425	0.5051
Caenorhabditis elegans	TAA,TAG,TGA	no	0.7259	0.5473	0.9308
Amoeboaphelidium protococcarum FD95	TGA	no	0.9244	0.9908	1.374
Amoeboaphelidium protococcarum X5	TGA	no	0.9332	0.9754	1.2433
Perkinsus marinus	TAA,TAG,TGA	no	0.1508	0.2431	0.4796
Amoeboaphelidium protococcarum X5	TGA	no	0.8994	0.9426	1.0544
Acetabularia acetabulum	TGA	no	0.2033	0.1278	0.9914
Amoeboaphelidium protococcarum X5	TGA	no	0.851	0.9785	0.9106
Acetabularia acetabulum	TGA	no	0.2412	0.1428	0.9605
Cryptosporidium parvum	TAA,TAG,TGA	no	0.1934	0.2401	0.2583
Stylonychia lemnae	TGA	no	0.9626	1.1095	1.4296
Thalassiosira pseudonana	TAA,TAG,TGA	no	0.08	0.0813	0.3059
Bathycoccus prasinos	TAA,TAG,TGA	no	0.3041	0.0718	0.3357
Toxoplasma gondii ME49	TAA,TAG,TGA	no	0.0638	0.0587	0.5842
Blepharisma stoltei	TAA,TAG	no	0.2258	0.2076	0.4831
Chlamydomonas reinhardtii	TAA,TAG,TGA	no	0.7932	0.3782	0.9659
Obscuromonas oborniki	TAA,TAG,TGA	no	0.1513	0.1113	0.5978
Amoeboaphelidium protococcarum FD95	TGA	no	0.9367	0.9602	1.249
Thalassiosira pseudonana	TAA,TAG,TGA	no	0.073	0.0766	0.2913
Blepharisma stoltei	TAA,TAG	no	0.2598	0.34	0.492
Obscuromonas volfi	TAA,TAG,TGA	no	0.0888	0.1322	0.8329
Thalassiosira pseudonana	TAA,TAG,TGA	no	0.0683	0.0659	0.3079
Blepharisma stoltei	TAA,TAG	no	0.231	0.2789	0.4971
Polyplastron multivesiculatum	TAA,TAG,TGA	no	0.2142	0.4191	0.327
Bathycoccus prasinos	TAA,TAG,TGA	no	0.3023	0.0594	0.22
Saccharomyces cerevisiae S288C	TAA,TAG,TGA	no	0.1441	0.1125	0.2734
Trypanosoma brucei TREU927	TAA,TAG,TGA	no	0.1728	0.088	0.3565
Acetabularia acetabulum	TGA	no	0.1929	0.1461	1.0039
Caenorhabditis elegans	TAA,TAG,TGA	no	0.4425	0.5522	0.8247
Oxytricha trifallax	TGA	no	1.0443	0.9986	1.2908
Chlamydomonas reinhardtii	TAA,TAG,TGA	no	0.7184	0.3771	1.0388
Amoeboaphelidium protococcarum FD95	TGA	no	0.9314	0.9883	1.3738
Euplotes focardii	TAA,TAG	no	0.1811	0.2681	0.7099
Acetabularia acetabulum	TGA	no	0.1994	0.1266	0.9797
Epidinium cattanei	TAA,TAG,TGA	no	0.1745	0.2805	0.2731
Fabrea salina	TAA,TAG,TGA	no	0.1375	0.1441	0.1222
Candida albicans SC5314	TAA,TAG,TGA	no	0.1842	0.2417	0.2953
Tetrahymena thermophila	TGA	no	1.1554	1.2041	1.2018
Drosophila melanogaster	TAA,TAG,TGA	no	0.7273	0.4827	0.6371
Ostreococcus tauri	TAA,TAG,TGA	no	0.2215	0.061	0.5285
Acetabularia acetabulum	TGA	no	0.2015	0.125	0.9136
Spironucleus salmonicida	TGA	no	1.0479	1.1432	1.1389
Spironucleus salmonicida	TGA	no	1.0198	1.3055	1.0707
Paramecium tetraurelia	TGA	no	0.8863	0.6718	0.7025
Oxytricha trifallax	TGA	no	1.0544	0.9884	1.6393
Drosophila melanogaster	TAA,TAG,TGA	no	0.2596	0.1732	0.5832
Entamoeba histolytica	TAA,TAG,TGA	no	0.3918	0.501	0.3893
Arabidopsis thaliana	TAA,TAG,TGA	no	0.618	0.344	0.6371
Giardia duodenalis	TAA,TAG,TGA	no	0.074	0.0983	0.3238
Encephalitozoon cuniculi	TAA,TAG,TGA	no	0.3554	0.2974	0.3472
Micromonas commoda RCC299	TAA,TAG,TGA	no	0.6473	0.1817	0.9656
Thalassiosira pseudonana	TAA,TAG,TGA	no	0.0751	0.0702	0.3158
Diplodinium dentatum	TAA,TAG,TGA	no	0.3226	0.5261	0.3842
Spironucleus salmonicida	TGA	no	1.004	1.0358	1.0137
Stylonychia lemnae	TGA	no	0.9567	1.088	1.0837
Saccharomyces cerevisiae S288C	TAA,TAG,TGA	no	0.139	0.1209	0.2307
Caenorhabditis elegans	TAA,TAG,TGA	no	0.3592	0.3082	0.7273
Emiliania huxleyi	TAA,TAG,TGA	no	0.3855	0.3202	1.1317
Enoploplastron triloricatum	TAA,TAG,TGA	no	0.2022	0.3568	0.2785
Phaeodactylum tricornutum	TAA,TAG,TGA	no	0.1092	0.1202	0.2638
Toxoplasma gondii ME49	TAA,TAG,TGA	no	0.2955	0.2704	0.6394
Blepharisma stoltei	TAA,TAG	no	0.2058	0.2027	0.4684
Stylonychia lemnae	TGA	no	0.9248	1.0301	0.9143
Dictyostelium discoideum AX4	TAA,TAG,TGA	no	0.4352	0.3985	0.4797
Blepharisma stoltei	TAA,TAG	no	0.2054	0.2094	0.4953
Dictyostelium discoideum AX4	TAA,TAG,TGA	no	0.4582	0.4507	0.456
Amoeboaphelidium protococcarum X5	TGA	no	0.9291	0.9843	1.3234
Acetabularia acetabulum	TGA	no	0.1999	0.1205	0.9877
Candida albicans SC5314	TAA,TAG,TGA	no	0.1623	0.1838	0.3017
Amoeboaphelidium protococcarum X5	TGA	no	0.9279	0.9855	1.2681
Obscuromonas oborniki	TAA,TAG,TGA	no	0.154	0.1467	0.5191
Bathycoccus prasinos	TAA,TAG,TGA	no	0.2607	0.0579	0.2116
Fabrea salina	TAA,TAG,TGA	no	0.1471	0.1579	0.124
Toxoplasma gondii ME49	TAA,TAG,TGA	no	0.5598	0.2853	0.6716
Epidinium cattanei	TAA,TAG,TGA	no	0.1726	0.2671	0.2866
Obscuromonas oborniki	TAA,TAG,TGA	no	0.237	0.1423	0.634
Obscuromonas oborniki	TAA,TAG,TGA	no	0.1256	0.1349	0.5274
Cryptosporidium parvum	TAA,TAG,TGA	no	0.2565	0.2906	0.2795
Aspergillus nidulans FGSC A4	TAA,TAG,TGA	no	0.1953	0.1793	0.4472
Amoeboaphelidium protococcarum FD95	TGA	no	0.9223	0.9777	1.2822
Blepharisma stoltei	TAA,TAG	no	0.2117	0.2712	0.5377
Amoeboaphelidium occidentale	TAA,TAG,TGA	no	0.0995	0.0806	0.2336
Euplotes focardii	TAA,TAG	no	0.1607	0.263	0.6994
Paramecium tetraurelia	TGA	no	0.9873	0.8217	0.9795
Blepharisma stoltei	TAA,TAG	no	0.2167	0.2686	0.4703
Naegleria gruberi	TAA,TAG,TGA	no	0.1541	0.1232	0.3783
Oxytricha trifallax	TGA	no	1.0477	1.0112	1.3401
Dictyostelium discoideum AX4	TAA,TAG,TGA	no	0.4332	0.3728	0.4422
Spironucleus salmonicida	TGA	no	1.06	1.0584	1.0218
Toxoplasma gondii ME49	TAA,TAG,TGA	no	0.0649	0.0776	0.563
Phaeodactylum tricornutum	TAA,TAG,TGA	no	0.1142	0.1145	0.2757
Thalassiosira pseudonana	TAA,TAG,TGA	no	0.0989	0.1042	0.3251
Arabidopsis thaliana	TAA,TAG,TGA	no	0.5045	0.3755	0.5976
Paramecium tetraurelia	TGA	no	1.0055	0.8483	1.5197
Trypanosoma brucei TREU927	TAA,TAG,TGA	no	0.1971	0.1001	0.3926
Dasytricha ruminantium	TAA,TAG,TGA	no	0.378	0.453	0.5247
Candida albicans SC5314	TAA,TAG,TGA	no	0.1271	0.1635	0.3333
Oxytricha trifallax	TGA	no	1.0255	0.9849	1.2846
Blepharisma stoltei	TAA,TAG	no	0.2317	0.2891	0.5036
Diplodinium dentatum	TAA,TAG,TGA	no	0.3142	0.525	0.3793
Arabidopsis thaliana	TAA,TAG,TGA	no	0.3414	0.2455	0.5838
Diplodinium dentatum	TAA,TAG,TGA	no	0.3188	0.525	0.3736
Stylonychia lemnae	TGA	no	0.7333	0.9768	0.4262
Aspergillus nidulans FGSC A4	TAA,TAG,TGA	no	0.3029	0.2252	0.3896
Phaeodactylum tricornutum	TAA,TAG,TGA	no	0.2951	0.2248	0.3494
Spironucleus salmonicida	TGA	no	1.0325	1.1775	1.0435
Phaeodactylum tricornutum	TAA,TAG,TGA	no	0.2073	0.1666	0.2779
Bathycoccus prasinos	TAA,TAG,TGA	no	0.2463	0.0534	0.2348
Spironucleus salmonicida	TGA	no	1.0359	1.2258	1.1077
Tetrahymena thermophila	TGA	no	0.9464	1.0704	0.3832
Amoeboaphelidium protococcarum X5	TGA	no	0.9297	0.9789	1.3804
Tetrahymena thermophila	TGA	no	1.1212	1.1255	0.8455
Stylonychia lemnae	TGA	no	0.9629	1.1135	1.3926
Amoeboaphelidium protococcarum X5	TGA	no	0.9143	0.9783	1.2717
Eremoplastron rostratum	TAA,TAG,TGA	no	0.1955	0.3665	0.296
Paramecium tetraurelia	TGA	no	0.9671	0.7719	0.6073
Tetrahymena thermophila	TGA	no	1.147	1.1976	1.0534
Obscuromonas oborniki	TAA,TAG,TGA	no	0.203	0.1419	0.5826
Chlamydomonas reinhardtii	TAA,TAG,TGA	no	0.3442	0.3659	0.9885
Thalassiosira pseudonana	TAA,TAG,TGA	no	0.0777	0.0817	0.3346
Drosophila melanogaster	TAA,TAG,TGA	no	0.448	0.5067	0.6214
Amoeboaphelidium protococcarum X5	TGA	no	0.9204	0.9771	1.2181
Paramecium tetraurelia	TGA	no	0.9995	0.8442	1.2941
Dictyostelium discoideum AX4	TAA,TAG,TGA	no	0.416	0.363	0.4499
Stylonychia lemnae	TGA	no	0.97	1.1091	1.5693
Thalassiosira pseudonana	TAA,TAG,TGA	no	0.1252	0.1123	0.4703
Amoeboaphelidium occidentale	TAA,TAG,TGA	no	0.1437	0.1416	0.3451
Cryptosporidium parvum	TAA,TAG,TGA	no	0.1816	0.2035	0.2535
Cryptosporidium parvum	TAA,TAG,TGA	no	0.2132	0.3141	0.2803
Bathycoccus prasinos	TAA,TAG,TGA	no	0.2679	0.0558	0.2617
Naegleria gruberi	TAA,TAG,TGA	no	0.1586	0.1366	0.3697
Acetabularia acetabulum	TGA	no	0.2008	0.1275	0.979
Cryptosporidium parvum	TAA,TAG,TGA	no	0.1787	0.2116	0.2908
Spironucleus salmonicida	TGA	no	1.0439	1.1264	1.0722
Acetabularia acetabulum	TGA	no	0.215	0.1363	1.0142
Arabidopsis thaliana	TAA,TAG,TGA	no	0.7257	0.5202	0.5396
Ostreococcus tauri	TAA,TAG,TGA	no	0.219	0.0634	0.5246
Toxoplasma gondii ME49	TAA,TAG,TGA	no	0.0699	0.096	0.5791
Enoploplastron triloricatum	TAA,TAG,TGA	no	0.2118	0.3801	0.297
Dasytricha ruminantium	TAA,TAG,TGA	no	0.3792	0.4551	0.5243
Fabrea salina	TAA,TAG,TGA	no	0.1429	0.1574	0.1147
Spironucleus salmonicida	TGA	no	1.0481	1.1521	1.0774
Thalassiosira pseudonana	TAA,TAG,TGA	no	0.0719	0.0707	0.2907
Phaeodactylum tricornutum	TAA,TAG,TGA	no	0.1063	0.1448	0.2546
Oxytricha trifallax	TGA	no	1.0103	0.9751	0.9704
Acetabularia acetabulum	TGA	no	0.2057	0.153	0.9898
Drosophila melanogaster	TAA,TAG,TGA	no	0.387	0.3706	0.6377
Caenorhabditis elegans	TAA,TAG,TGA	no	0.3933	0.6956	0.8845
Oxytricha trifallax	TGA	no	1.0157	0.8883	1.134
Amoeboaphelidium protococcarum X5	TGA	no	0.9341	0.9827	1.3201
Saccharomyces cerevisiae S288C	TAA,TAG,TGA	no	0.0945	0.0858	0.228
Oxytricha trifallax	TGA	no	1.0646	1.0116	1.1257
Cryptosporidium parvum	TAA,TAG,TGA	no	0.2508	0.2508	0.2843
Euplotes focardii	TAA,TAG	no	0.1431	0.2533	0.6949
Naegleria gruberi	TAA,TAG,TGA	no	0.1712	0.1381	0.3619
Amoeboaphelidium protococcarum X5	TGA	no	0.9259	0.989	1.3214
Metadinium minorum	TAA,TAG,TGA	no	0.2349	0.4075	0.2452
Tetrahymena thermophila	TGA	no	1.0764	1.0601	0.7749
Amoeboaphelidium protococcarum FD95	TGA	no	0.8173	0.9495	0.8745
Giardia duodenalis	TAA,TAG,TGA	no	0.107	0.1026	0.3148
Paramecium tetraurelia	TGA	no	0.9818	0.7458	1.0038
Bathycoccus prasinos	TAA,TAG,TGA	no	0.2656	0.0552	0.2351
Encephalitozoon cuniculi	TAA,TAG,TGA	no	0.2287	0.2553	0.2107
Spironucleus salmonicida	TGA	no	1.0866	1.023	0.9438
Amoeboaphelidium occidentale	TAA,TAG,TGA	no	0.1034	0.0843	0.2217
Micromonas commoda RCC299	TAA,TAG,TGA	no	0.3701	0.0967	0.934
Cryptosporidium parvum	TAA,TAG,TGA	no	0.1786	0.2159	0.2747
Toxoplasma gondii ME49	TAA,TAG,TGA	no	0.0621	0.0637	0.5605
Encephalitozoon cuniculi	TAA,TAG,TGA	no	0.2055	0.2814	0.2394
Tetrahymena thermophila	TGA	no	1.1469	1.1527	1.021
Encephalitozoon cuniculi	TAA,TAG,TGA	no	0.1829	0.2451	0.3362
Diplodinium dentatum	TAA,TAG,TGA	no	0.3159	0.4875	0.3978
Blepharisma stoltei	TAA,TAG	no	0.1926	0.2846	0.5092
Micromonas commoda RCC299	TAA,TAG,TGA	no	0.3684	0.097	0.9921
Spironucleus salmonicida	TGA	no	1.0211	1.1985	1.106
Caenorhabditis elegans	TAA,TAG,TGA	no	0.5991	0.8832	0.8411
Saccharomyces cerevisiae S288C	TAA,TAG,TGA	no	0.0942	0.0862	0.218
Acetabularia acetabulum	TGA	no	0.2466	0.1292	1.0124
Stylonychia lemnae	TGA	no	0.9586	1.071	0.9416
Paramecium tetraurelia	TGA	no	0.9438	0.7997	0.725
Oxytricha trifallax	TGA	no	1.0392	1.0255	1.2281
Euplotes focardii	TAA,TAG	no	0.3698	0.4855	0.6809
Toxoplasma gondii ME49	TAA,TAG,TGA	no	0.0666	0.0542	0.59
Entamoeba histolytica	TAA,TAG,TGA	no	0.3759	0.4948	0.3876
Giardia duodenalis	TAA,TAG,TGA	no	0.095	0.1121	0.36
Aspergillus nidulans FGSC A4	TAA,TAG,TGA	no	0.3579	0.2745	0.4569
Acetabularia acetabulum	TGA	no	0.2078	0.1363	0.9267
Amoeboaphelidium protococcarum FD95	TGA	no	0.9269	1.0088	1.3498
Trypanosoma brucei TREU927	TAA,TAG,TGA	no	0.1928	0.0995	0.3757
Polyplastron multivesiculatum	TAA,TAG,TGA	no	0.2172	0.426	0.3179
Trypanosoma brucei TREU927	TAA,TAG,TGA	no	0.2358	0.1195	0.5531
Spironucleus salmonicida	TGA	no	1.0348	1.1869	1.0669
Dictyostelium discoideum AX4	TAA,TAG,TGA	no	0.4436	0.3963	0.4218
Toxoplasma gondii ME49	TAA,TAG,TGA	no	0.0686	0.0978	0.5548
Tetrahymena thermophila	TGA	no	1.1548	1.1069	0.8822
Oxytricha trifallax	TGA	no	1.0303	1.001	1.4676
Thalassiosira pseudonana	TAA,TAG,TGA	no	0.0946	0.0737	0.2638
Candida albicans SC5314	TAA,TAG,TGA	no	0.1152	0.1388	0.2767
Oxytricha trifallax	TGA	no	1.0629	1.0172	1.541
Perkinsus marinus	TAA,TAG,TGA	no	0.1424	0.2039	0.368
Tetrahymena thermophila	TGA	no	1.1417	1.0919	1.1716
Ostreococcus tauri	TAA,TAG,TGA	no	0.2291	0.0648	0.6181
Polyplastron multivesiculatum	TAA,TAG,TGA	no	0.2331	0.4596	0.2947
Amoeboaphelidium protococcarum X5	TGA	no	0.9377	0.9836	1.3779
Blepharisma stoltei	TAA,TAG	no	0.2478	0.303	0.4967
Stylonychia lemnae	TGA	no	0.9575	1.0921	1.0331
Candida albicans SC5314	TAA,TAG,TGA	no	0.1331	0.1863	0.2854
Diplodinium dentatum	TAA,TAG,TGA	no	0.3221	0.5421	0.3942
Phaeodactylum tricornutum	TAA,TAG,TGA	no	0.1086	0.1045	0.2086
Amoeboaphelidium protococcarum FD95	TGA	no	0.8528	0.9455	0.7156
Toxoplasma gondii ME49	TAA,TAG,TGA	no	0.2221	0.1185	0.6502
Paramecium tetraurelia	TGA	no	1.004	0.8605	1.3368
Blepharisma stoltei	TAA,TAG	no	0.3445	0.3283	0.5102
Toxoplasma gondii ME49	TAA,TAG,TGA	no	0.0867	0.0886	0.5816
Stylonychia lemnae	TGA	no	0.9752	1.1249	1.7188
Ostreococcus tauri	TAA,TAG,TGA	no	0.2205	0.0603	0.6286
Acetabularia acetabulum	TGA	no	0.2159	0.1381	0.8036
Tetrahymena thermophila	TGA	no	1.1817	1.2257	1.1594
Micromonas commoda RCC299	TAA,TAG,TGA	no	0.5105	0.1461	1.0
Amoeboaphelidium protococcarum X5	TGA	no	0.9342	0.9759	1.3687
Emiliania huxleyi	TAA,TAG,TGA	no	0.3374	0.3461	1.1218
Amoeboaphelidium protococcarum FD95	TGA	no	0.9263	1.003	1.3394
Drosophila melanogaster	TAA,TAG,TGA	no	0.2876	0.2599	0.5306
Naegleria gruberi	TAA,TAG,TGA	no	0.1423	0.1257	0.3456
Epidinium cattanei	TAA,TAG,TGA	no	0.1829	0.2868	0.2927
Obscuromonas oborniki	TAA,TAG,TGA	no	0.1909	0.1322	0.5713
Spironucleus salmonicida	TGA	no	1.0253	1.1183	0.9511
Amoeboaphelidium protococcarum X5	TGA	no	0.9252	0.9837	1.361
Saccharomyces cerevisiae S288C	TAA,TAG,TGA	no	0.1971	0.149	0.2464
Stylonychia lemnae	TGA	no	0.9311	1.0187	0.8526
Emiliania huxleyi	TAA,TAG,TGA	no	0.2926	0.3644	1.0034
Blepharisma stoltei	TAA,TAG	no	0.2307	0.2244	0.586
Amoeboaphelidium protococcarum X5	TGA	no	0.9399	0.9855	1.3329
Amoeboaphelidium protococcarum X5	TGA	no	0.8488	0.9501	1.0187
Obscuromonas oborniki	TAA,TAG,TGA	no	0.184	0.145	0.6064
Polyplastron multivesiculatum	TAA,TAG,TGA	no	0.2576	0.5311	0.2931
Spironucleus salmonicida	TGA	no	0.9934	1.1563	1.1759
Naegleria gruberi	TAA,TAG,TGA	no	0.237	0.2088	0.3845
Aspergillus nidulans FGSC A4	TAA,TAG,TGA	no	0.4325	0.3258	0.4648
Spironucleus salmonicida	TGA	no	1.0332	1.0299	1.0256
Amoeboaphelidium protococcarum FD95	TGA	no	0.9252	0.9951	1.4107
Ostreococcus tauri	TAA,TAG,TGA	no	0.3346	0.0817	0.7718
Perkinsus marinus	TAA,TAG,TGA	no	0.1409	0.1965	0.3931
Metadinium minorum	TAA,TAG,TGA	no	0.189	0.3685	0.2544
Phaeodactylum tricornutum	TAA,TAG,TGA	no	0.1054	0.1235	0.262
Blepharisma stoltei	TAA,TAG	no	0.2311	0.2622	0.4754
Dasytricha ruminantium	TAA,TAG,TGA	no	0.3582	0.4504	0.5176
Spironucleus salmonicida	TGA	no	1.046	1.2143	1.045
Diplodinium dentatum	TAA,TAG,TGA	no	0.3177	0.5227	0.374
Oxytricha trifallax	TGA	no	1.0524	1.0052	1.3365
Dasytricha ruminantium	TAA,TAG,TGA	no	0.3799	0.4644	0.5237
Dasytricha ruminantium	TAA,TAG,TGA	no	0.3732	0.4615	0.5354
Emiliania huxleyi	TAA,TAG,TGA	no	0.5223	0.4746	1.2831
Diplodinium dentatum	TAA,TAG,TGA	no	0.3107	0.5164	0.4022
Obscuromonas volfi	TAA,TAG,TGA	no	0.0954	0.1445	0.836
Amoeboaphelidium protococcarum X5	TGA	no	0.9093	0.9493	1.2349
Thalassiosira pseudonana	TAA,TAG,TGA	no	0.079	0.0793	0.3288
Blepharisma stoltei	TAA,TAG	no	0.1824	0.2743	0.5202
Perkinsus marinus	TAA,TAG,TGA	no	0.138	0.187	0.3685
Oxytricha trifallax	TGA	no	1.0391	0.999	1.2045
Blepharisma stoltei	TAA,TAG	no	0.258	0.3229	0.491
Obscuromonas volfi	TAA,TAG,TGA	no	0.1006	0.1408	0.8344
Saccharomyces cerevisiae S288C	TAA,TAG,TGA	no	0.1309	0.0998	0.2269
Thalassiosira pseudonana	TAA,TAG,TGA	no	0.0664	0.0722	0.2921
Amoeboaphelidium protococcarum FD95	TGA	no	0.8266	0.8979	0.9501
Drosophila melanogaster	TAA,TAG,TGA	no	0.2717	0.161	0.5875
Tetrahymena thermophila	TGA	no	1.1501	1.1574	1.0326
Amoeboaphelidium occidentale	TAA,TAG,TGA	no	0.1096	0.0889	0.2342
Eremoplastron rostratum	TAA,TAG,TGA	no	0.1775	0.333	0.3642
Thalassiosira pseudonana	TAA,TAG,TGA	no	0.3301	0.2107	0.4748
Acetabularia acetabulum	TGA	no	0.2185	0.133	0.9584
Oxytricha trifallax	TGA	no	1.0191	1.0096	0.8477
Acetabularia acetabulum	TGA	no	0.2123	0.1568	1.0173
Paramecium tetraurelia	TGA	no	0.9593	0.8203	1.159
Amoeboaphelidium protococcarum X5	TGA	no	0.9353	0.9915	1.376
Eremoplastron rostratum	TAA,TAG,TGA	no	0.2024	0.3918	0.3036
Ostreococcus tauri	TAA,TAG,TGA	no	0.2245	0.0584	0.5827
Euplotes focardii	TAA,TAG	no	0.1882	0.2781	0.703
Amoeboaphelidium protococcarum FD95	TGA	no	0.9	0.984	1.2417
Euplotes focardii	TAA,TAG	no	0.2684	0.3457	0.6855
Eremoplastron rostratum	TAA,TAG,TGA	no	0.1897	0.3565	0.2961
Amoeboaphelidium protococcarum X5	TGA	no	0.8229	0.894	0.8117
Perkinsus marinus	TAA,TAG,TGA	no	0.164	0.2604	0.4369
Stylonychia lemnae	TGA	no	0.9814	1.1434	1.4301
Acetabularia acetabulum	TGA	no	0.2226	0.1397	0.9887
Micromonas commoda RCC299	TAA,TAG,TGA	no	0.3401	0.1032	0.9346
Enoploplastron triloricatum	TAA,TAG,TGA	no	0.2506	0.4353	0.2932
Stylonychia lemnae	TGA	no	0.9674	1.1194	1.3443
Candida albicans SC5314	TAA,TAG,TGA	no	0.2177	0.2428	0.3249
Oxytricha trifallax	TGA	no	1.0339	0.9996	1.4388
Stylonychia lemnae	TGA	no	0.9759	1.1733	1.2373
Naegleria gruberi	TAA,TAG,TGA	no	0.1652	0.1363	0.3507
Dictyostelium discoideum AX4	TAA,TAG,TGA	no	0.4401	0.3765	0.4426
Amoeboaphelidium occidentale	TAA,TAG,TGA	no	0.1017	0.0823	0.3152
Micromonas commoda RCC299	TAA,TAG,TGA	no	0.3156	0.097	0.9439
Bathycoccus prasinos	TAA,TAG,TGA	no	0.2811	0.0606	0.261
Perkinsus marinus	TAA,TAG,TGA	no	0.145	0.1849	0.4013
Amoeboaphelidium protococcarum X5	TGA	no	0.9333	0.9894	1.3292
